experiment,run_id,config_sha256,strategy,window,source,dataset_id,vendor,as_of,locate_history,universe_size,train_start,train_end,test_start,test_end,test_observations,test_ic_mean,test_ic_std,test_ic_tstat,test_ic_hit_rate,test_sharpe,test_max_drawdown,test_average_turnover,test_total_return,test_mean_period_return,full_observations,full_ic_mean,full_ic_std,full_ic_tstat,full_ic_hit_rate,full_sharpe,full_max_drawdown,full_average_turnover,full_total_return,full_mean_period_return,test_average_total_cost,test_average_base_cost,test_average_spread_cost,test_average_impact_cost,test_cumulative_total_cost,test_average_trade_participation,test_max_trade_participation,full_average_total_cost,full_average_base_cost,full_average_spread_cost,full_average_impact_cost,full_cumulative_total_cost,full_average_trade_participation,full_max_trade_participation,test_average_borrow_cost,full_average_borrow_cost
95238,,,,,,,,,,,,,,,,,,,,,,,,,,,,,,,,,,,,,,,,,,,,,,,,,,
institutional_snapshot_momentum_low_volatility,institutional-snapshot-momentum-low-volatility-20260617T045621Z-cb436efc02-a6fc213a,cb436efc02780e9f4791ede8cbe6cc2987c7269815168576ff8c05cc08f95377,agent_signal,full_sample,csv_snapshot,institutional-golden-demo-v1,InternalGolden,2023-01-03,configs/../data/golden/borrow_availability_demo.csv,8.0,,,,,40.0,0.0358213065498788,0.334034508514984,0.7032088289478943,0.5813953488372093,0.7605741465525797,-0.1912795140403781,1.9666666666666663,0.1593015914601023,0.0045875625037804,136.0,0.0156134637373794,0.3649221296427687,0.5134288924378633,0.5069444444444444,0.0233959221315908,-0.3570714084325809,1.6977941176470586,-0.1101224711781641,0.0001472276766077,0.0031271966364889,0.0009833333333333,0.0003933333333333,0.0013287789777587,0.125087865459557,0.0057879116118921,0.0240834701319739,0.0026199055123013,0.0008488970588235,0.0003395588235294,0.0010394386588933,0.3563071496729835,0.0050834210250251,0.0301214104554494,0.0004217509920634,0.000392010971055
institutional_snapshot_momentum_low_volatility,institutional-snapshot-momentum-low-volatility-20260617T045621Z-cb436efc02-a6fc213a,cb436efc02780e9f4791ede8cbe6cc2987c7269815168576ff8c05cc08f95377,agent_signal,wf_01,csv_snapshot,institutional-golden-demo-v1,InternalGolden,2023-01-03,configs/../data/golden/borrow_availability_demo.csv,8.0,2020-03-25,2021-05-05,2021-05-12,2021-11-10,27.0,0.1230150943570149,0.362264140294729,1.7644726857387727,0.5925925925925926,2.250055686737178,-0.0805705903372658,1.3024691358024694,0.421904498438411,0.0140359468250581,,,,,,,,,,,0.0019898258834377,0.0006512345679012,0.0002604938271604,0.0007407959010744,0.0537252988528192,0.0046818830561448,0.0156655854411217,,,,,,,,0.0003373015873015,
institutional_snapshot_momentum_low_volatility,institutional-snapshot-momentum-low-volatility-20260617T045621Z-cb436efc02-a6fc213a,cb436efc02780e9f4791ede8cbe6cc2987c7269815168576ff8c05cc08f95377,agent_signal,wf_02,csv_snapshot,institutional-golden-demo-v1,InternalGolden,2023-01-03,configs/../data/golden/borrow_availability_demo.csv,8.0,2020-03-25,2021-11-10,2021-11-17,2022-05-18,27.0,0.1354152295686624,0.4020438631881275,1.750152751032859,0.7777777777777778,0.8199277499586348,-0.1923814892205066,1.6506172839506177,0.1229216663224646,0.005378935797319,,,,,,,,,,,0.0026278013855872,0.0008253086419753,0.0003301234567901,0.0010755438899964,0.0709506374108553,0.0050663562605184,0.0301214104554494,,,,,,,,0.0003968253968253,
institutional_snapshot_momentum_low_volatility,institutional-snapshot-momentum-low-volatility-20260617T045621Z-cb436efc02-a6fc213a,cb436efc02780e9f4791ede8cbe6cc2987c7269815168576ff8c05cc08f95377,agent_signal,wf_03,csv_snapshot,institutional-golden-demo-v1,InternalGolden,2023-01-03,configs/../data/golden/borrow_availability_demo.csv,8.0,2020-03-25,2022-05-18,2022-05-25,2022-12-21,28.0,-0.0356222767237134,0.3432239462033004,-0.5491906167237246,0.4285714285714285,-0.5049774004989763,-0.1831254573967253,2.0833333333333335,-0.1072154983669662,-0.0031193349555669,,,,,,,,,,,0.0033768466759637,0.0010416666666666,0.0004166666666666,0.0014350595444445,0.0945517069269862,0.0061047007567126,0.0240834701319739,,,,,,,,0.0004834537981859,
institutional_snapshot_momentum_low_volatility,institutional-snapshot-momentum-low-volatility-20260617T045621Z-cb436efc02-a6fc213a,cb436efc02780e9f4791ede8cbe6cc2987c7269815168576ff8c05cc08f95377,momentum_20d_only,full_sample,csv_snapshot,institutional-golden-demo-v1,InternalGolden,2023-01-03,configs/../data/golden/borrow_availability_demo.csv,8.0,,,,,40.0,-0.0227272727272727,0.417285714647605,-0.361276858989036,0.4772727272727273,-1.068407795903331,-0.440588487069116,1.85,-0.3381832607952941,-0.0086548691950237,136.0,0.033068783068783,0.3857312551110599,1.0287613242829976,0.5069444444444444,0.6575040197098022,-0.4405884870691161,1.5147058823529411,0.5842223646874551,0.0046139209878619,0.0032514544110046,0.0009249999999999,0.00037,0.0013974266332268,0.1300581764401866,0.006405432858974,0.0300025643586984,0.0025889390768888,0.0007573529411764,0.0003029411764705,0.0010381570974303,0.3520957144568803,0.0054265088240229,0.0300025643586984,0.0005590277777777,0.0004904878618113
institutional_snapshot_momentum_low_volatility,institutional-snapshot-momentum-low-volatility-20260617T045621Z-cb436efc02-a6fc213a,cb436efc02780e9f4791ede8cbe6cc2987c7269815168576ff8c05cc08f95377,momentum_20d_only,wf_01,csv_snapshot,institutional-golden-demo-v1,InternalGolden,2023-01-03,configs/../data/golden/borrow_availability_demo.csv,8.0,2020-03-25,2021-04-28,2021-05-05,2021-11-03,27.0,0.1358024691358024,0.3872428680375246,1.8222422857925007,0.5925925925925926,3.013109587687018,-0.0775327863936602,1.0740740740740742,0.6493743932961626,0.0197203251082387,,,,,,,,,,,0.001863945457341,0.000537037037037,0.0002148148148148,0.0007152682086638,0.0503265273482091,0.0049442760578918,0.020887447254829,,,,,,,,0.0003968253968253,
institutional_snapshot_momentum_low_volatility,institutional-snapshot-momentum-low-volatility-20260617T045621Z-cb436efc02-a6fc213a,cb436efc02780e9f4791ede8cbe6cc2987c7269815168576ff8c05cc08f95377,momentum_20d_only,wf_02,csv_snapshot,institutional-golden-demo-v1,InternalGolden,2023-01-03,configs/../data/golden/borrow_availability_demo.csv,8.0,2020-03-25,2021-11-03,2021-11-10,2022-05-18,27.0,0.0881834215167548,0.3805982107545978,1.203932352830459,0.5555555555555556,1.4046810451485197,-0.1449296846012282,1.4814814814814814,0.2670535508221849,0.0100683580296711,,,,,,,,,,,0.0027949601621117,0.0007407407407407,0.0002962962962962,0.0011825262996779,0.0754639243770182,0.0063256471796013,0.0300025643586984,,,,,,,,0.0005753968253968,
institutional_snapshot_momentum_low_volatility,institutional-snapshot-momentum-low-volatility-20260617T045621Z-cb436efc02-a6fc213a,cb436efc02780e9f4791ede8cbe6cc2987c7269815168576ff8c05cc08f95377,momentum_20d_only,wf_03,csv_snapshot,institutional-golden-demo-v1,InternalGolden,2023-01-03,configs/../data/golden/borrow_availability_demo.csv,8.0,2020-03-25,2022-05-18,2022-05-25,2022-12-21,28.0,-0.0654761904761905,0.4124757742974685,-0.8399703817318662,0.3928571428571428,-1.4318065020427042,-0.3664219840291983,1.8928571428571428,-0.3069563434462388,-0.0114687995047031,,,,,,,,,,,0.0032833734279827,0.0009464285714285,0.0003785714285714,0.0013649068746947,0.0919344559835175,0.0060773244805441,0.0218666299860572,,,,,,,,0.0005934665532879,
institutional_snapshot_momentum_low_volatility,institutional-snapshot-momentum-low-volatility-20260617T045621Z-cb436efc02-a6fc213a,cb436efc02780e9f4791ede8cbe6cc2987c7269815168576ff8c05cc08f95377,low_volatility_only,full_sample,csv_snapshot,institutional-golden-demo-v1,InternalGolden,2023-01-03,configs/../data/golden/borrow_availability_demo.csv,8.0,,,,,42.0,0.0119047619047619,0.330054271887173,0.2392553699175216,0.4772727272727273,-0.0891420619447272,-0.1703751316264785,1.238095238095238,-0.0532312488431002,-0.0005053967269813,142.0,-0.0190145502645502,0.3661975698203455,-0.6230915275777075,0.4583333333333333,-0.9377708717046038,-0.6238392934482067,1.2887323943661972,-0.6370332593511008,-0.006054970636187,0.0020460518904593,0.0006190476190476,0.000247619047619,0.0009016074460148,0.0859341793992914,0.0052641743367321,0.0317864151253204,0.0020877310608252,0.000644366197183,0.0002577464788732,0.0008965226995464,0.2964578106371799,0.0052033319985979,0.0317864151253204,0.0002777777777777,0.0002890956852224
institutional_snapshot_momentum_low_volatility,institutional-snapshot-momentum-low-volatility-20260617T045621Z-cb436efc02-a6fc213a,cb436efc02780e9f4791ede8cbe6cc2987c7269815168576ff8c05cc08f95377,low_volatility_only,wf_01,csv_snapshot,institutional-golden-demo-v1,InternalGolden,2023-01-03,configs/../data/golden/borrow_availability_demo.csv,8.0,2020-03-25,2021-04-14,2021-04-21,2021-10-27,28.0,0.0187074829931972,0.3777064726877898,0.2620836614408927,0.5357142857142857,1.3816614693871343,-0.1314690561079661,1.5714285714285714,0.2580811824039999,0.0093264942713884,,,,,,,,,,,0.0027352308367445,0.0007857142857142,0.0003142857142857,0.001300055099783,0.0765864634288471,0.0061774704429262,0.0215530134452984,,,,,,,,0.0003351757369614,
institutional_snapshot_momentum_low_volatility,institutional-snapshot-momentum-low-volatility-20260617T045621Z-cb436efc02-a6fc213a,cb436efc02780e9f4791ede8cbe6cc2987c7269815168576ff8c05cc08f95377,low_volatility_only,wf_02,csv_snapshot,institutional-golden-demo-v1,InternalGolden,2023-01-03,configs/../data/golden/borrow_availability_demo.csv,8.0,2020-03-25,2021-10-27,2021-11-03,2022-05-11,28.0,0.0365646258503401,0.2887465594250276,0.670074871020184,0.6071428571428571,-0.9535880446220788,-0.2869131931693183,1.2142857142857142,-0.1553153806525774,-0.0052618918247032,,,,,,,,,,,0.0021356177489285,0.0006071428571428,0.0002428571428571,0.0010078399711507,0.0597972969699986,0.0065069068562311,0.0317864151253204,,,,,,,,0.0002777777777777,
institutional_snapshot_momentum_low_volatility,institutional-snapshot-momentum-low-volatility-20260617T045621Z-cb436efc02-a6fc213a,cb436efc02780e9f4791ede8cbe6cc2987c7269815168576ff8c05cc08f95377,low_volatility_only,wf_03,csv_snapshot,institutional-golden-demo-v1,InternalGolden,2023-01-03,configs/../data/golden/borrow_availability_demo.csv,8.0,2020-03-25,2022-05-11,2022-05-18,2022-12-21,30.0,-0.0087301587301587,0.3521813736807792,-0.1357739285622407,0.4,-0.5118529308627965,-0.1692351448162958,1.2666666666666666,-0.1123557705004897,-0.0030785376172468,,,,,,,,,,,0.0020206714135839,0.0006333333333333,0.0002533333333333,0.0008562269691395,0.0606201424075195,0.0048320634997274,0.0248767949204454,,,,,,,,0.0002777777777777,
institutional_snapshot_momentum_low_volatility,institutional-snapshot-momentum-low-volatility-20260617T045621Z-cb436efc02-a6fc213a,cb436efc02780e9f4791ede8cbe6cc2987c7269815168576ff8c05cc08f95377,random_cross_section,full_sample,csv_snapshot,institutional-golden-demo-v1,InternalGolden,2023-01-03,configs/../data/golden/borrow_availability_demo.csv,8.0,,,,,41.0,-0.0153061224489795,0.3417641885762807,-0.290244016212296,0.4285714285714285,-0.7641874982004134,-0.2627586930879009,3.1463414634146343,-0.1871693125169957,-0.0042696753650757,138.0,0.0307539682539682,0.3706767988248031,0.9956048509581686,0.5138888888888888,0.1150973590612467,-0.4006859570056958,3.1449275362318843,-0.0403806573966583,0.0007358469661542,0.0057380174810954,0.0015731707317073,0.0006292682926829,0.0031206055569761,0.2352587167249115,0.0097568674737692,0.0351323076835922,0.0055005197674644,0.0015724637681159,0.0006289855072463,0.0027825504782995,0.7590717279100965,0.0086383720871982,0.0351323076835922,0.0004149728997289,0.0005165200138026
institutional_snapshot_momentum_low_volatility,institutional-snapshot-momentum-low-volatility-20260617T045621Z-cb436efc02-a6fc213a,cb436efc02780e9f4791ede8cbe6cc2987c7269815168576ff8c05cc08f95377,random_cross_section,wf_01,csv_snapshot,institutional-golden-demo-v1,InternalGolden,2023-01-03,configs/../data/golden/borrow_availability_demo.csv,8.0,2020-03-25,2021-04-28,2021-05-05,2021-11-17,27.0,0.0802469135802469,0.3003100430091436,1.3884823505620625,0.5925925925925926,1.0020231114426137,-0.1383328578434827,3.259259259259259,0.1764266854531035,0.0073810131358188,,,,,,,,,,,0.0060009199007649,0.0016296296296296,0.0006518518518518,0.0031738034986485,0.1620248373206532,0.009658751385089,0.0315792903138546,,,,,,,,0.0005456349206349,
institutional_snapshot_momentum_low_volatility,institutional-snapshot-momentum-low-volatility-20260617T045621Z-cb436efc02-a6fc213a,cb436efc02780e9f4791ede8cbe6cc2987c7269815168576ff8c05cc08f95377,random_cross_section,wf_02,csv_snapshot,institutional-golden-demo-v1,InternalGolden,2023-01-03,configs/../data/golden/borrow_availability_demo.csv,8.0,2020-03-25,2021-11-17,2021-11-24,2022-05-25,27.0,-0.0432098765432098,0.3064824541880751,-0.7325871403622769,0.3703703703703703,-1.3644590379391155,-0.2749172967061792,2.925925925925926,-0.1820534412828012,-0.006801741858228,,,,,,,,,,,0.0055867678027197,0.0014629629629629,0.0005851851851851,0.0030822704482223,0.1508427306734329,0.0102834215259351,0.0317864151253204,,,,,,,,0.0004563492063492,
institutional_snapshot_momentum_low_volatility,institutional-snapshot-momentum-low-volatility-20260617T045621Z-cb436efc02-a6fc213a,cb436efc02780e9f4791ede8cbe6cc2987c7269815168576ff8c05cc08f95377,random_cross_section,wf_03,csv_snapshot,institutional-golden-demo-v1,InternalGolden,2023-01-03,configs/../data/golden/borrow_availability_demo.csv,8.0,2020-03-25,2022-05-25,2022-06-01,2022-12-21,29.0,-0.0295566502463054,0.3431295670116527,-0.4638697682318412,0.4137931034482758,-1.108023719621281,-0.2627586930879009,3.2413793103448274,-0.1999183507624542,-0.0067542844561902,,,,,,,,,,,0.0057891421856989,0.0016206896551724,0.0006482758620689,0.0030761427330442,0.1678851233852682,0.009219297305654,0.0351323076835922,,,,,,,,0.0004440339354132,
institutional_snapshot_momentum_low_volatility,institutional-snapshot-momentum-low-volatility-20260617T045621Z-cb436efc02-a6fc213a,cb436efc02780e9f4791ede8cbe6cc2987c7269815168576ff8c05cc08f95377,sector_neutral_signal,full_sample,csv_snapshot,institutional-golden-demo-v1,InternalGolden,2023-01-03,configs/../data/golden/borrow_availability_demo.csv,8.0,,,,,43.0,0.0251018113723062,0.3507581203779328,0.4692794702661958,0.5116279069767442,-0.6983024917985533,-0.4575185110972409,1.635658914728682,-0.2351878802006278,-0.0049849578528104,144.0,0.0057018084309977,0.3981288635241435,0.1718581781946672,0.4791666666666667,-0.3834804203479504,-0.4882346600787398,1.5914351851851851,-0.3991458185617058,-0.0024845405447298,0.0027114307613738,0.0008178294573643,0.0003271317829457,0.0011454193180368,0.1165915227390756,0.0048457495841407,0.0194636698284503,0.0025147387823548,0.0007957175925925,0.000318287037037,0.0010039087558998,0.3621223846590981,0.0043541352482253,0.0220830974246652,0.0004210502030269,0.0003968253968253
institutional_snapshot_momentum_low_volatility,institutional-snapshot-momentum-low-volatility-20260617T045621Z-cb436efc02-a6fc213a,cb436efc02780e9f4791ede8cbe6cc2987c7269815168576ff8c05cc08f95377,sector_neutral_signal,wf_01,csv_snapshot,institutional-golden-demo-v1,InternalGolden,2023-01-03,configs/../data/golden/borrow_availability_demo.csv,8.0,2020-03-25,2021-04-21,2021-04-28,2021-11-10,29.0,0.0867608718907665,0.3800335589221295,1.2294219364932373,0.5862068965517241,1.7067308709015034,-0.1118267061147962,1.5517241379310345,0.3149012952032073,0.0103675618460478,,,,,,,,,,,0.0024231983992115,0.0007758620689655,0.0003103448275862,0.0009760856460642,0.0702727535771344,0.0044572859139044,0.0220830974246652,,,,,,,,0.0003609058565955,
institutional_snapshot_momentum_low_volatility,institutional-snapshot-momentum-low-volatility-20260617T045621Z-cb436efc02-a6fc213a,cb436efc02780e9f4791ede8cbe6cc2987c7269815168576ff8c05cc08f95377,sector_neutral_signal,wf_02,csv_snapshot,institutional-golden-demo-v1,InternalGolden,2023-01-03,configs/../data/golden/borrow_availability_demo.csv,8.0,2020-03-25,2021-11-10,2021-11-17,2022-06-01,29.0,0.0976157428325352,0.4309773919787274,1.219731876214073,0.6206896551724138,-0.0239054680142049,-0.2540413086556972,1.4252873563218391,-0.0496526126642964,-0.0001907567482477,,,,,,,,,,,0.0022750053929822,0.0007126436781609,0.0002850574712643,0.0009163983869614,0.0659751563964842,0.0045418658758111,0.0200809403036329,,,,,,,,0.0003609058565955,
institutional_snapshot_momentum_low_volatility,institutional-snapshot-momentum-low-volatility-20260617T045621Z-cb436efc02-a6fc213a,cb436efc02780e9f4791ede8cbe6cc2987c7269815168576ff8c05cc08f95377,sector_neutral_signal,wf_03,csv_snapshot,institutional-golden-demo-v1,InternalGolden,2023-01-03,configs/../data/golden/borrow_availability_demo.csv,8.0,2020-03-25,2022-06-01,2022-06-08,2022-12-21,29.0,-0.046777533484209,0.3579808324566392,-0.703682164642797,0.4137931034482758,-1.2123187410343443,-0.3833382085588381,1.7011494252873565,-0.2642743270764414,-0.0091646851812534,,,,,,,,,,,0.0029162002478652,0.0008505747126436,0.0003402298850574,0.0012351794487409,0.0845698071880921,0.0048591416024016,0.0194636698284503,,,,,,,,0.000490216201423,
institutional_snapshot_momentum_low_volatility,institutional-snapshot-momentum-low-volatility-20260617T045621Z-cb436efc02-a6fc213a,cb436efc02780e9f4791ede8cbe6cc2987c7269815168576ff8c05cc08f95377,liquidity_top_80pct,full_sample,csv_snapshot,institutional-golden-demo-v1,InternalGolden,2023-01-03,configs/../data/golden/borrow_availability_demo.csv,8.0,,,,,39.0,0.0490580089642702,0.3514783675579898,0.904557049944614,0.5952380952380952,1.0991097353929902,-0.1586674518567795,1.9145299145299144,0.2585107766700731,0.0068415656631273,133.0,0.0322018595469447,0.383253518131433,1.00826814701494,0.5138888888888888,0.5697827739703138,-0.3031247943522318,1.563157894736842,0.4018837452945147,0.0034716671454438,0.0028759419767714,0.0009572649572649,0.0003829059829059,0.0010862899621194,0.1121617370940861,0.0048389118895635,0.0147478578098212,0.0023722705760271,0.0007815789473684,0.0003126315789473,0.0008351372665629,0.3155119866116088,0.0043101942665585,0.0147478578098212,0.000449481074481,0.0004429227831483
institutional_snapshot_momentum_low_volatility,institutional-snapshot-momentum-low-volatility-20260617T045621Z-cb436efc02-a6fc213a,cb436efc02780e9f4791ede8cbe6cc2987c7269815168576ff8c05cc08f95377,liquidity_top_80pct,wf_01,csv_snapshot,institutional-golden-demo-v1,InternalGolden,2023-01-03,configs/../data/golden/borrow_availability_demo.csv,8.0,2020-03-25,2021-05-19,2021-05-26,2021-11-17,26.0,0.1232010864274924,0.3592151719960308,1.7488257533747948,0.6153846153846154,3.330545966360456,-0.0487805999690346,1.0961538461538465,0.6064453656453119,0.0191683792124799,,,,,,,,,,,0.0015776946678389,0.0005480769230769,0.0002192307692307,0.0004707960109403,0.0410200613638136,0.0036984547699131,0.0093516156354445,,,,,,,,0.0003395909645909,
institutional_snapshot_momentum_low_volatility,institutional-snapshot-momentum-low-volatility-20260617T045621Z-cb436efc02-a6fc213a,cb436efc02780e9f4791ede8cbe6cc2987c7269815168576ff8c05cc08f95377,liquidity_top_80pct,wf_02,csv_snapshot,institutional-golden-demo-v1,InternalGolden,2023-01-03,configs/../data/golden/borrow_availability_demo.csv,8.0,2020-03-25,2021-11-17,2021-11-24,2022-05-18,26.0,0.1319093350980096,0.3890226901883393,1.728969262343458,0.7307692307692307,0.5240207232191604,-0.1260077435626968,1.7397435897435896,0.0510045507183414,0.0024506802559768,,,,,,,,,,,0.00272463534677,0.0008698717948717,0.0003479487179487,0.0009920865067211,0.0708405190160207,0.004471304213624,0.0146277546321338,,,,,,,,0.0005147283272283,
institutional_snapshot_momentum_low_volatility,institutional-snapshot-momentum-low-volatility-20260617T045621Z-cb436efc02-a6fc213a,cb436efc02780e9f4791ede8cbe6cc2987c7269815168576ff8c05cc08f95377,liquidity_top_80pct,wf_03,csv_snapshot,institutional-golden-demo-v1,InternalGolden,2023-01-03,configs/../data/golden/borrow_availability_demo.csv,8.0,2020-03-25,2022-05-18,2022-05-25,2022-12-21,28.0,-0.0038521440302538,0.3589099853710908,-0.0567931544613677,0.5,0.4813753318775052,-0.1219051928611431,1.988095238095238,0.0642850028441641,0.0034210444240996,,,,,,,,,,,0.0030322324355897,0.0009940476190476,0.000397619047619,0.0011236298278799,0.0849025081965123,0.0050101612391272,0.0147478578098212,,,,,,,,0.000516935941043,
institutional_snapshot_momentum_low_volatility,institutional-snapshot-momentum-low-volatility-20260617T045621Z-cb436efc02-a6fc213a,cb436efc02780e9f4791ede8cbe6cc2987c7269815168576ff8c05cc08f95377,sector_neutral_liquidity_top_80pct,full_sample,csv_snapshot,institutional-golden-demo-v1,InternalGolden,2023-01-03,configs/../data/golden/borrow_availability_demo.csv,8.0,,,,,42.0,0.043790150776147,0.3133975023055221,0.9055356543579964,0.5,-0.2554563224961461,-0.2959615396324179,1.4603174603174602,-0.1015867713113402,-0.0016021008708069,141.0,0.0201931638224211,0.4026747380432374,0.6017709654362141,0.4791666666666667,0.126976706358607,-0.4028638297394508,1.573286052009456,-0.0278702578271822,0.0008138045778898,0.0023664540751805,0.0007301587301587,0.0002920634920634,0.0009197704017111,0.0993910711575816,0.0041888616261694,0.0153313910639933,0.0024710399304242,0.0007866430260047,0.0003146572104018,0.0009646822809814,0.3484166301898165,0.0044969467853318,0.0193995162424515,0.0004244614512471,0.0004050574130361
institutional_snapshot_momentum_low_volatility,institutional-snapshot-momentum-low-volatility-20260617T045621Z-cb436efc02-a6fc213a,cb436efc02780e9f4791ede8cbe6cc2987c7269815168576ff8c05cc08f95377,sector_neutral_liquidity_top_80pct,wf_01,csv_snapshot,institutional-golden-demo-v1,InternalGolden,2023-01-03,configs/../data/golden/borrow_availability_demo.csv,8.0,2020-03-25,2021-05-05,2021-05-12,2021-11-17,28.0,0.0259858565302727,0.4173234166976521,0.3294908036944204,0.4642857142857143,1.6753902914262744,-0.1399268040901995,1.505952380952381,0.3447816967596777,0.0117942571051588,,,,,,,,,,,0.0024726734367713,0.0007529761904761,0.0003011904761904,0.0010833310331432,0.0692348562295982,0.0052501457256354,0.0193995162424515,,,,,,,,0.0003351757369614,
institutional_snapshot_momentum_low_volatility,institutional-snapshot-momentum-low-volatility-20260617T045621Z-cb436efc02-a6fc213a,cb436efc02780e9f4791ede8cbe6cc2987c7269815168576ff8c05cc08f95377,sector_neutral_liquidity_top_80pct,wf_02,csv_snapshot,institutional-golden-demo-v1,InternalGolden,2023-01-03,configs/../data/golden/borrow_availability_demo.csv,8.0,2020-03-25,2021-11-17,2021-11-24,2022-06-01,28.0,0.1010599782297327,0.4061137001409902,1.316771976934777,0.6428571428571429,-0.3524638162149806,-0.1236726630304467,1.4940476190476188,-0.0958746833500117,-0.002432923934327,,,,,,,,,,,0.002389068229572,0.0007470238095238,0.0002988095238095,0.0009506612000935,0.066893910428016,0.0046368188243037,0.0156705220089062,,,,,,,,0.0003925736961451,
institutional_snapshot_momentum_low_volatility,institutional-snapshot-momentum-low-volatility-20260617T045621Z-cb436efc02-a6fc213a,cb436efc02780e9f4791ede8cbe6cc2987c7269815168576ff8c05cc08f95377,sector_neutral_liquidity_top_80pct,wf_03,csv_snapshot,institutional-golden-demo-v1,InternalGolden,2023-01-03,configs/../data/golden/borrow_availability_demo.csv,8.0,2020-03-25,2022-06-01,2022-06-08,2022-12-21,29.0,0.0168492608122987,0.3577843029457092,0.253605442177239,0.3793103448275862,-0.2962342070185063,-0.2713107565270946,1.528735632183908,-0.0928411986145555,-0.0021295973772797,,,,,,,,,,,0.0025428645749187,0.0007643678160919,0.0003057471264367,0.0009825334309668,0.0737430726726426,0.004249239439299,0.0153313910639933,,,,,,,,0.000490216201423,
momentum_low_volatility_demo,momentum-low-volatility-demo-20260617T045621Z-8d50e36b08-a1360cc7,8d50e36b08d03a13635e9588afdb9d11f2119cceb04d5533d880cf442431309d,agent_signal,full_sample,synthetic,,,,,20.0,,,,,74.0,0.0252622643663583,0.2074969865618671,1.047312631678346,0.4729729729729729,-0.1020890355310849,-0.2594760554011868,1.4376447876447875,-0.0565148112579595,-0.0004015681257941,248.0,0.0205671268687644,0.2260959393234958,1.4325398270752705,0.4959677419354839,0.089971466464597,-0.3406190716527256,1.5270929339477723,-0.0182894096440514,0.0003843411566861,0.0019084162959075,0.0007188223938223,0.0002875289575289,0.0007532554207466,0.1412228058971587,0.0051287900059117,0.0301256156759639,0.0018642667986176,0.0007635464669738,0.0003054185867895,0.0006464922210447,0.462338166057183,0.0042062032435834,0.0301256156759639,0.0001488095238095,0.0001488095238095
momentum_low_volatility_demo,momentum-low-volatility-demo-20260617T045621Z-8d50e36b08-a1360cc7,8d50e36b08d03a13635e9588afdb9d11f2119cceb04d5533d880cf442431309d,agent_signal,wf_01,synthetic,,,,,20.0,2020-03-25,2022-02-09,2022-02-16,2023-01-18,49.0,0.015231207649054,0.2627239205858794,0.4058193608926696,0.5306122448979592,-0.5121843084401838,-0.2069104446427556,1.5598639455782313,-0.1369754691186547,-0.002439021456163,,,,,,,,,,,0.0019236633086727,0.0007799319727891,0.0003119727891156,0.0006829490229584,0.0942595021249632,0.0043351155524068,0.0215946423660526,,,,,,,,0.0001488095238095,
momentum_low_volatility_demo,momentum-low-volatility-demo-20260617T045621Z-8d50e36b08-a1360cc7,8d50e36b08d03a13635e9588afdb9d11f2119cceb04d5533d880cf442431309d,agent_signal,wf_02,synthetic,,,,,20.0,2020-03-25,2023-01-18,2023-01-25,2023-12-27,49.0,0.0297572890142101,0.2097217289599804,0.9932257574474784,0.4693877551020408,0.60470640607675,-0.2594760554011868,1.441885325558795,0.1192211866290611,0.0028476538480551,,,,,,,,,,,0.0019135571443572,0.0007209426627793,0.0002883770651117,0.0007554278926565,0.0937643000735062,0.0051333428224546,0.0301256156759639,,,,,,,,0.0001488095238095,
momentum_low_volatility_demo,momentum-low-volatility-demo-20260617T045621Z-8d50e36b08-a1360cc7,8d50e36b08d03a13635e9588afdb9d11f2119cceb04d5533d880cf442431309d,agent_signal,wf_03,synthetic,,,,,20.0,2020-03-25,2023-12-27,2024-01-03,2024-12-18,51.0,0.0420900045218447,0.2207042803807372,1.361925352472836,0.5294117647058824,0.911197762397615,-0.1165989128787287,1.388235294117647,0.1759490002181549,0.0035562334807124,,,,,,,,,,,0.0018482099853747,0.0006941176470588,0.0002776470588235,0.0007276357556829,0.0942587092541145,0.005066962982709,0.0244772795075046,,,,,,,,0.0001488095238095,
momentum_low_volatility_demo,momentum-low-volatility-demo-20260617T045621Z-8d50e36b08-a1360cc7,8d50e36b08d03a13635e9588afdb9d11f2119cceb04d5533d880cf442431309d,momentum_20d_only,full_sample,synthetic,,,,,20.0,,,,,74.0,0.0375127006705954,0.2234779632208577,1.4439743774412193,0.5675675675675675,0.1755250487889975,-0.2821514794687522,1.6554054054054057,0.0193147006022893,0.0008555833661037,248.0,0.0113024496725685,0.2386496952001046,0.7458260329459473,0.5443548387096774,-0.2718911590297594,-0.5489721416394537,1.6370967741935485,-0.379141184846267,-0.001322080877403,0.0022930300310933,0.0008277027027027,0.000331081081081,0.0009854367235,0.1696842223009086,0.005683812063965,0.029735342441228,0.0020539542780124,0.0008185483870967,0.0003274193548387,0.0007591770122674,0.5093806609470988,0.004494531055582,0.029735342441228,0.0001488095238095,0.0001488095238095
momentum_low_volatility_demo,momentum-low-volatility-demo-20260617T045621Z-8d50e36b08-a1360cc7,8d50e36b08d03a13635e9588afdb9d11f2119cceb04d5533d880cf442431309d,momentum_20d_only,wf_01,synthetic,,,,,20.0,2020-03-25,2022-02-09,2022-02-16,2023-01-18,49.0,0.0074574190578487,0.2436865495901132,0.2142175409055028,0.5714285714285714,-0.0660985097205548,-0.189798468847255,1.5408163265306118,-0.0417542809852025,-0.0003127261412711,,,,,,,,,,,0.0019044235633517,0.0007704081632653,0.0003081632653061,0.0006770426109707,0.0933167546042356,0.0043585666240821,0.0167535408537742,,,,,,,,0.0001488095238095,
momentum_low_volatility_demo,momentum-low-volatility-demo-20260617T045621Z-8d50e36b08-a1360cc7,8d50e36b08d03a13635e9588afdb9d11f2119cceb04d5533d880cf442431309d,momentum_20d_only,wf_02,synthetic,,,,,20.0,2020-03-25,2023-01-18,2023-01-25,2023-12-27,49.0,0.0059843486266687,0.2268209521664027,0.1846850565901376,0.4693877551020408,-0.7296811423797273,-0.2332685463847513,1.7789115646258502,-0.1797467319083276,-0.0034686844726673,,,,,,,,,,,0.0023071687051427,0.0008894557823129,0.0003557823129251,0.0009131210860951,0.1130512665519938,0.0049333986686225,0.0271257110755889,,,,,,,,0.0001488095238095,
momentum_low_volatility_demo,momentum-low-volatility-demo-20260617T045621Z-8d50e36b08-a1360cc7,8d50e36b08d03a13635e9588afdb9d11f2119cceb04d5533d880cf442431309d,momentum_20d_only,wf_03,synthetic,,,,,20.0,2020-03-25,2023-12-27,2024-01-03,2024-12-18,51.0,0.0480023588382721,0.2238587868722706,1.5313466799065152,0.6078431372549019,0.8653141456214618,-0.1778364407018473,1.5359477124183003,0.1945914728553019,0.0040239592687315,,,,,,,,,,,0.0021627376696107,0.0007679738562091,0.0003071895424836,0.0009387647471084,0.1102996211501483,0.0057583217387065,0.029735342441228,,,,,,,,0.0001488095238095,
momentum_low_volatility_demo,momentum-low-volatility-demo-20260617T045621Z-8d50e36b08-a1360cc7,8d50e36b08d03a13635e9588afdb9d11f2119cceb04d5533d880cf442431309d,low_volatility_only,full_sample,synthetic,,,,,20.0,,,,,74.0,-0.0258484047957732,0.2262159252454474,-0.9829386920755728,0.4324324324324324,-1.3324961161937194,-0.4707736094448814,0.9346846846846848,-0.3762072468744382,-0.0058712876323222,248.0,0.0010793111811787,0.2381534741251469,0.0713699833296965,0.4758064516129032,-0.4316820091982018,-0.511443094212396,1.0692204301075268,-0.4465578982992364,-0.0018973369103872,0.0013028529367821,0.0004673423423423,0.0001869369369369,0.0004997641336933,0.0964111173218807,0.0047253184349508,0.0217362527965985,0.001377658765672,0.0005346102150537,0.0002138440860215,0.0004803949407872,0.3416593738866748,0.0042585778591022,0.0228524324505005,0.0001488095238095,0.0001488095238095
momentum_low_volatility_demo,momentum-low-volatility-demo-20260617T045621Z-8d50e36b08-a1360cc7,8d50e36b08d03a13635e9588afdb9d11f2119cceb04d5533d880cf442431309d,low_volatility_only,wf_01,synthetic,,,,,20.0,2020-03-25,2022-02-09,2022-02-16,2023-01-18,49.0,-0.0048488568359674,0.2398516403200351,-0.1415124691516942,0.4489795918367347,-0.6602403236786031,-0.2044640516616377,1.0884353741496595,-0.1578721253604394,-0.0029912387274165,,,,,,,,,,,0.0014111559830106,0.0005442176870748,0.0002176870748299,0.0005004416972963,0.069146643167522,0.0043393859912115,0.0199726433309843,,,,,,,,0.0001488095238095,
momentum_low_volatility_demo,momentum-low-volatility-demo-20260617T045621Z-8d50e36b08-a1360cc7,8d50e36b08d03a13635e9588afdb9d11f2119cceb04d5533d880cf442431309d,low_volatility_only,wf_02,synthetic,,,,,20.0,2020-03-25,2023-01-18,2023-01-25,2023-12-27,49.0,-0.0168482430566211,0.2449878172907742,-0.4814023109417255,0.5102040816326531,-0.9507322671221532,-0.3431423767897906,1.0170068027210883,-0.2227703923980162,-0.004557807059162,,,,,,,,,,,0.0014027083493233,0.0005085034013605,0.0002034013605442,0.000541994063609,0.0687327091168418,0.0049912253346738,0.0228524324505005,,,,,,,,0.0001488095238095,
momentum_low_volatility_demo,momentum-low-volatility-demo-20260617T045621Z-8d50e36b08-a1360cc7,8d50e36b08d03a13635e9588afdb9d11f2119cceb04d5533d880cf442431309d,low_volatility_only,wf_03,synthetic,,,,,20.0,2020-03-25,2023-12-27,2024-01-03,2024-12-18,51.0,0.0040689960194604,0.2133601526252324,0.1361943338128534,0.4705882352941176,-0.6599304140620155,-0.2565410927281105,0.9738562091503268,-0.1496906909650822,-0.0027474468441582,,,,,,,,,,,0.0013434362492567,0.0004869281045751,0.00019477124183,0.0005129273790419,0.0685152487120942,0.0047839366123777,0.0217362527965985,,,,,,,,0.0001488095238095,
momentum_low_volatility_demo,momentum-low-volatility-demo-20260617T045621Z-8d50e36b08-a1360cc7,8d50e36b08d03a13635e9588afdb9d11f2119cceb04d5533d880cf442431309d,reversal_5d_only,full_sample,synthetic,,,,,20.0,,,,,74.0,-0.0581792318634423,0.2351681975361947,-2.1281647838415463,0.4324324324324324,-2.8863855296124132,-0.6696490877539687,3.047297297297298,-0.6381826303775855,-0.0131211965636539,248.0,-0.01293354353626,0.2361047372712983,-0.8626580289777668,0.4758064516129032,-1.6551223844983676,-0.903738640440578,3.155913978494624,-0.8590651182975625,-0.0073660844460417,0.0045425012215979,0.0015236486486486,0.0006094594594594,0.0022605835896803,0.3361450903982487,0.0074360067745112,0.0497478116871313,0.0041995724950581,0.0015779569892473,0.0006311827956989,0.0018416231863024,1.0414939787744326,0.0058680458527867,0.0497478116871313,0.0001488095238095,0.0001488095238095
momentum_low_volatility_demo,momentum-low-volatility-demo-20260617T045621Z-8d50e36b08-a1360cc7,8d50e36b08d03a13635e9588afdb9d11f2119cceb04d5533d880cf442431309d,reversal_5d_only,wf_01,synthetic,,,,,20.0,2020-03-25,2022-02-09,2022-02-16,2023-01-18,49.0,-0.0195181832131348,0.2652799314772556,-0.515030600811423,0.4489795918367347,-2.048995158543839,-0.4193882940108333,3.2346938775510203,-0.3931365697401848,-0.0095910240827618,,,,,,,,,,,0.0041727647321103,0.0016173469387755,0.0006469387755102,0.001759669494015,0.2044654718734064,0.0054550113890022,0.0234030073033256,,,,,,,,0.0001488095238095,
momentum_low_volatility_demo,momentum-low-volatility-demo-20260617T045621Z-8d50e36b08-a1360cc7,8d50e36b08d03a13635e9588afdb9d11f2119cceb04d5533d880cf442431309d,reversal_5d_only,wf_02,synthetic,,,,,20.0,2020-03-25,2023-01-18,2023-01-25,2023-12-27,49.0,-0.0227712137486573,0.196439753372173,-0.8114370615127297,0.4489795918367347,-2.4858490160682307,-0.4084270854363536,3.085034013605442,-0.392296553018877,-0.00972775373639,,,,,,,,,,,0.0044673171941412,0.0015425170068027,0.000617006802721,0.0021589838608078,0.2188985425129197,0.0069212371173253,0.0337530639668646,,,,,,,,0.0001488095238095,
momentum_low_volatility_demo,momentum-low-volatility-demo-20260617T045621Z-8d50e36b08-a1360cc7,8d50e36b08d03a13635e9588afdb9d11f2119cceb04d5533d880cf442431309d,reversal_5d_only,wf_03,synthetic,,,,,20.0,2020-03-25,2023-12-27,2024-01-03,2024-12-18,51.0,-0.0812619784756007,0.2411150460773937,-2.4068452495453867,0.3725490196078431,-3.774046196560728,-0.6496501758167328,3.006535947712418,-0.6118947667751322,-0.0178246931259016,,,,,,,,,,,0.0045035531136615,0.0015032679738562,0.0006013071895424,0.0022501684264533,0.2296812087967415,0.0075488278529639,0.0497478116871313,,,,,,,,0.0001488095238095,
momentum_low_volatility_demo,momentum-low-volatility-demo-20260617T045621Z-8d50e36b08-a1360cc7,8d50e36b08d03a13635e9588afdb9d11f2119cceb04d5533d880cf442431309d,random_cross_section,full_sample,synthetic,,,,,20.0,,,,,74.0,-0.0431822800243852,0.2314116194692166,-1.60522630365021,0.5135135135135135,-1.9182688003217268,-0.4912392339033267,3.164414414414414,-0.4931246314592327,-0.0086323406426493,248.0,-0.0121331554693184,0.2243504917531875,-0.8516724073609311,0.4879032258064516,-1.1088153202666438,-0.7322255657205743,3.235215053763441,-0.7394938750710895,-0.0049160873293344,0.0045997850260035,0.0015822072072072,0.0006328828828828,0.0022358854121039,0.3403840919242622,0.0069690224665539,0.052251810369034,0.0043357147185894,0.0016176075268817,0.0006470430107526,0.0019222546571454,1.0752572502101725,0.0058596060150218,0.052251810369034,0.0001488095238095,0.0001488095238095
momentum_low_volatility_demo,momentum-low-volatility-demo-20260617T045621Z-8d50e36b08-a1360cc7,8d50e36b08d03a13635e9588afdb9d11f2119cceb04d5533d880cf442431309d,random_cross_section,wf_01,synthetic,,,,,20.0,2020-03-25,2022-02-09,2022-02-16,2023-01-18,49.0,-0.0037133650452662,0.2035227616370778,-0.1277181731801346,0.4897959183673469,-1.9946338159526844,-0.3940317765784936,3.3197278911564623,-0.3444778323089582,-0.0081658753379792,,,,,,,,,,,0.0044830116179354,0.0016598639455782,0.0006639455782312,0.0020103925703163,0.2196675692788366,0.0059220833831827,0.0301855226294089,,,,,,,,0.0001488095238095,
momentum_low_volatility_demo,momentum-low-volatility-demo-20260617T045621Z-8d50e36b08-a1360cc7,8d50e36b08d03a13635e9588afdb9d11f2119cceb04d5533d880cf442431309d,random_cross_section,wf_02,synthetic,,,,,20.0,2020-03-25,2023-01-18,2023-01-25,2023-12-27,49.0,0.0369188276814485,0.2088588776085017,1.2373512523348926,0.5714285714285714,0.3954873505349299,-0.237622306594828,3.2755102040816326,0.0655253698090883,0.001785429092046,,,,,,,,,,,0.0044906863747433,0.0016377551020408,0.0006551020408163,0.0020490197080766,0.2200436323624239,0.0061933198539355,0.0268789437709273,,,,,,,,0.0001488095238095,
momentum_low_volatility_demo,momentum-low-volatility-demo-20260617T045621Z-8d50e36b08-a1360cc7,8d50e36b08d03a13635e9588afdb9d11f2119cceb04d5533d880cf442431309d,random_cross_section,wf_03,synthetic,,,,,20.0,2020-03-25,2023-12-27,2024-01-03,2024-12-18,51.0,-0.0454960931741117,0.2447687688101537,-1.3274042058578095,0.5294117647058824,-1.6100182335946451,-0.3975673882283925,3.1895424836601305,-0.3589556270379535,-0.0080568621410692,,,,,,,,,,,0.0047739385933337,0.00159477124183,0.000637908496732,0.0023924493309621,0.2434708682600214,0.0074096611254055,0.052251810369034,,,,,,,,0.0001488095238095,
momentum_low_volatility_demo,momentum-low-volatility-demo-20260617T045621Z-8d50e36b08-a1360cc7,8d50e36b08d03a13635e9588afdb9d11f2119cceb04d5533d880cf442431309d,sector_neutral_signal,full_sample,synthetic,,,,,20.0,,,,,74.0,0.0202332399250101,0.2245580565294648,0.7750909218356752,0.4864864864864865,0.1219807221584578,-0.2745240095507326,1.4175675675675674,0.0032217675239762,0.0005498737429719,248.0,0.0174411985730687,0.2343296071398092,1.1721278977317628,0.4798387096774194,-0.0650274397399749,-0.3629512964161606,1.4745967741935484,-0.1781141545282221,-0.0002901414968643,0.0020381266677996,0.0007087837837837,0.0002835135135135,0.0008970198466928,0.1508213734171775,0.0061061579327537,0.0351465516219578,0.0019127768952924,0.0007372983870967,0.0002949193548387,0.0007317496295474,0.4743686700325348,0.0048610041234685,0.0351465516219578,0.0001488095238095,0.0001488095238095
momentum_low_volatility_demo,momentum-low-volatility-demo-20260617T045621Z-8d50e36b08-a1360cc7,8d50e36b08d03a13635e9588afdb9d11f2119cceb04d5533d880cf442431309d,sector_neutral_signal,wf_01,synthetic,,,,,20.0,2020-03-25,2022-02-09,2022-02-16,2023-01-18,49.0,-0.011359954159279,0.2626452160727652,-0.3027646202888497,0.4693877551020408,-0.9008697928151412,-0.1872769303896228,1.3659863945578232,-0.2199516051537877,-0.0044495543699843,,,,,,,,,,,0.0017618966135742,0.0006829931972789,0.0002731972789115,0.0006568966135742,0.0863329340651367,0.0046443745733766,0.0215946423660526,,,,,,,,0.0001488095238095,
momentum_low_volatility_demo,momentum-low-volatility-demo-20260617T045621Z-8d50e36b08-a1360cc7,8d50e36b08d03a13635e9588afdb9d11f2119cceb04d5533d880cf442431309d,sector_neutral_signal,wf_02,synthetic,,,,,20.0,2020-03-25,2023-01-18,2023-01-25,2023-12-27,49.0,0.0402534475161857,0.2182049031216826,1.2913281442450804,0.4081632653061224,0.4009496311416602,-0.2146911104278245,1.4353741496598638,0.0706510750636122,0.0020207315084398,,,,,,,,,,,0.0020543201369053,0.0007176870748299,0.0002870748299319,0.0009007487083338,0.1006616867083606,0.0061817422942401,0.0351465516219578,,,,,,,,0.0001488095238095,
momentum_low_volatility_demo,momentum-low-volatility-demo-20260617T045621Z-8d50e36b08-a1360cc7,8d50e36b08d03a13635e9588afdb9d11f2119cceb04d5533d880cf442431309d,sector_neutral_signal,wf_03,synthetic,,,,,20.0,2020-03-25,2023-12-27,2024-01-03,2024-12-18,51.0,0.023057625930507,0.2357278250620568,0.6985360564518889,0.5490196078431373,0.6442429850979307,-0.2215352927861132,1.399346405228758,0.1254407328102436,0.0027798512120371,,,,,,,,,,,0.001963528879783,0.0006996732026143,0.0002798692810457,0.0008351768723134,0.1001399728689369,0.0056592941150479,0.0237156348779062,,,,,,,,0.0001488095238095,
momentum_low_volatility_demo,momentum-low-volatility-demo-20260617T045621Z-8d50e36b08-a1360cc7,8d50e36b08d03a13635e9588afdb9d11f2119cceb04d5533d880cf442431309d,liquidity_top_80pct,full_sample,synthetic,,,,,20.0,,,,,74.0,0.0247074979343803,0.2258148938089711,0.9412219459099296,0.527027027027027,0.4905245919302491,-0.1969748061749465,1.3869369369369369,0.1135493478799245,0.0017826435378894,248.0,0.0202506534321555,0.2437800063158074,1.3081778689603512,0.5,0.2585952902478168,-0.3118837264578702,1.4339381720430109,0.1753252572480297,0.0011387678644309,0.0016555882101891,0.0006934684684684,0.0002773873873873,0.0005359228305238,0.122513527554,0.0035894899194491,0.0203025847497787,0.0016163261023978,0.0007169690860215,0.0002867876344086,0.0004637598581582,0.4008488733946784,0.0030968916009846,0.0203025847497787,0.0001488095238095,0.0001488095238095
momentum_low_volatility_demo,momentum-low-volatility-demo-20260617T045621Z-8d50e36b08-a1360cc7,8d50e36b08d03a13635e9588afdb9d11f2119cceb04d5533d880cf442431309d,liquidity_top_80pct,wf_01,synthetic,,,,,20.0,2020-03-25,2022-02-09,2022-02-16,2023-01-18,49.0,0.0160738064209312,0.2840016358451477,0.3961830875082299,0.4693877551020408,0.2097911429640308,-0.209843082438581,1.473809523809524,0.0204136060461885,0.0011335669214961,,,,,,,,,,,0.0016527044080954,0.0007369047619047,0.0002947619047619,0.0004722282176192,0.080982515996676,0.0031027159020273,0.0161009315106126,,,,,,,,0.0001488095238095,
momentum_low_volatility_demo,momentum-low-volatility-demo-20260617T045621Z-8d50e36b08-a1360cc7,8d50e36b08d03a13635e9588afdb9d11f2119cceb04d5533d880cf442431309d,liquidity_top_80pct,wf_02,synthetic,,,,,20.0,2020-03-25,2023-01-18,2023-01-25,2023-12-27,49.0,0.037080070311322,0.2142974571254799,1.211215922302199,0.5102040816326531,0.8388800114503604,-0.1969748061749465,1.415646258503401,0.1700087938030579,0.0036854323287752,,,,,,,,,,,0.0017111680139827,0.0007078231292517,0.0002831292517006,0.0005714061092208,0.0838472326851537,0.0038715497102866,0.0156588250248318,,,,,,,,0.0001488095238095,
momentum_low_volatility_demo,momentum-low-volatility-demo-20260617T045621Z-8d50e36b08-a1360cc7,8d50e36b08d03a13635e9588afdb9d11f2119cceb04d5533d880cf442431309d,liquidity_top_80pct,wf_03,synthetic,,,,,20.0,2020-03-25,2023-12-27,2024-01-03,2024-12-18,51.0,0.0327326103464049,0.2402345524585152,0.9730390223887472,0.5490196078431373,1.3496965088724089,-0.0973251305997603,1.2934640522875818,0.2548099922542843,0.004765297976992,,,,,,,,,,,0.0015243067755664,0.0006467320261437,0.0002586928104575,0.0004700724151556,0.0777396455538909,0.0032950581006549,0.0203025847497787,,,,,,,,0.0001488095238095,
momentum_low_volatility_demo,momentum-low-volatility-demo-20260617T045621Z-8d50e36b08-a1360cc7,8d50e36b08d03a13635e9588afdb9d11f2119cceb04d5533d880cf442431309d,sector_neutral_liquidity_top_80pct,full_sample,synthetic,,,,,20.0,,,,,74.0,0.042629438317424,0.2494498934488748,1.4700839887629389,0.5135135135135135,1.010508988389094,-0.2330157183314326,1.2301801801801802,0.3539922917903439,0.0046278537128963,248.0,0.0256234700921939,0.2537609713003111,1.590153160524211,0.5241935483870968,0.2638391009252566,-0.3396016064992625,1.359811827956989,0.1842653998448673,0.0012172407125604,0.0014692834788618,0.00061509009009,0.000246036036036,0.0004593478289262,0.1087269774357798,0.0036116125579405,0.0203025847497787,0.0015772866021627,0.0006799059139784,0.0002719623655913,0.0004766087987832,0.3911670773363511,0.0033933938337053,0.0203025847497787,0.0001488095238095,0.0001488095238095
momentum_low_volatility_demo,momentum-low-volatility-demo-20260617T045621Z-8d50e36b08-a1360cc7,8d50e36b08d03a13635e9588afdb9d11f2119cceb04d5533d880cf442431309d,sector_neutral_liquidity_top_80pct,wf_01,synthetic,,,,,20.0,2020-03-25,2022-02-09,2022-02-16,2023-01-18,49.0,-0.0134531039599773,0.2860019229838147,-0.3292695613279881,0.4897959183673469,-0.7890398921947295,-0.2367418533116011,1.3843537414965983,-0.2106062480615139,-0.0041347990228663,,,,,,,,,,,0.0016274625043303,0.0006921768707482,0.0002768707482993,0.0005096053614732,0.0797456627121872,0.0034553533295927,0.0137127042238431,,,,,,,,0.0001488095238095,
momentum_low_volatility_demo,momentum-low-volatility-demo-20260617T045621Z-8d50e36b08-a1360cc7,8d50e36b08d03a13635e9588afdb9d11f2119cceb04d5533d880cf442431309d,sector_neutral_liquidity_top_80pct,wf_02,synthetic,,,,,20.0,2020-03-25,2023-01-18,2023-01-25,2023-12-27,49.0,0.0629557831137602,0.2203134975635805,2.0002881651367823,0.5102040816326531,0.9281271057962152,-0.1409064166304003,1.2431972789115646,0.1959826805937485,0.004152579479936,,,,,,,,,,,0.0015323567314575,0.0006215986394557,0.0002486394557823,0.0005133091124099,0.075085479841419,0.0038385673871965,0.0156010917844399,,,,,,,,0.0001488095238095,
momentum_low_volatility_demo,momentum-low-volatility-demo-20260617T045621Z-8d50e36b08-a1360cc7,8d50e36b08d03a13635e9588afdb9d11f2119cceb04d5533d880cf442431309d,sector_neutral_liquidity_top_80pct,wf_03,synthetic,,,,,20.0,2020-03-25,2023-12-27,2024-01-03,2024-12-18,51.0,0.0324992330011653,0.2592786170349677,0.8951411000046288,0.5490196078431373,1.485319944581727,-0.2330157183314324,1.1787581699346403,0.3720669521717357,0.0067320255172016,,,,,,,,,,,0.0013896356813488,0.0005893790849673,0.0002357516339869,0.000415695438585,0.0708714197487895,0.0034686803456577,0.0203025847497787,,,,,,,,0.0001488095238095,
point_in_time_synthetic_momentum_low_volatility,point-in-time-synthetic-momentum-low-volatility-20260617T045621Z-ad5ebc3c4c-bebe91a8,ad5ebc3c4cbb9b2014d690c1283909da6a498c29e11f27b0f2331ce7965d583c,agent_signal,full_sample,synthetic,,,,,20.0,,,,,74.0,0.0271518787081726,0.2125314286290737,1.0989870710681258,0.527027027027027,0.0008747283506625,-0.2550285238691142,1.4263835263835265,-0.0316645081714573,3.6786955093763343e-06,248.0,0.0203662760462702,0.2291800451436023,1.3994605669280438,0.5161290322580645,0.1751896621709291,-0.3227426332292423,1.499404761904762,0.0737805557535682,0.000766126935542,0.0019302142299749,0.0007131917631917,0.0002852767052767,0.0007829362376969,0.1428358530181492,0.0052576720577597,0.0271130541083675,0.0018447932734184,0.0007497023809523,0.0002998809523809,0.0006464004162756,0.4575087318077837,0.0042593690858112,0.0271130541083675,0.0001488095238095,0.0001488095238095
point_in_time_synthetic_momentum_low_volatility,point-in-time-synthetic-momentum-low-volatility-20260617T045621Z-ad5ebc3c4c-bebe91a8,ad5ebc3c4cbb9b2014d690c1283909da6a498c29e11f27b0f2331ce7965d583c,agent_signal,wf_01,synthetic,,,,,20.0,2020-03-25,2022-02-09,2022-02-16,2023-01-18,49.0,0.015231207649054,0.2627239205858794,0.4058193608926696,0.5306122448979592,-0.3551677826160861,-0.1795044242797148,1.5462585034013605,-0.1068309195500476,-0.0017212151736316,,,,,,,,,,,0.0018898571379077,0.0007731292517006,0.0003092517006802,0.0006586666617172,0.0926029997574807,0.004267446541623,0.0210356578429291,,,,,,,,0.0001488095238095,
point_in_time_synthetic_momentum_low_volatility,point-in-time-synthetic-momentum-low-volatility-20260617T045621Z-ad5ebc3c4c-bebe91a8,ad5ebc3c4cbb9b2014d690c1283909da6a498c29e11f27b0f2331ce7965d583c,agent_signal,wf_02,synthetic,,,,,20.0,2020-03-25,2023-01-18,2023-01-25,2023-12-27,49.0,0.0284650620709241,0.2085143896966268,0.9555956055904384,0.4693877551020408,0.6620027190861668,-0.2452513156661087,1.4670553935860062,0.1322758568859112,0.003065059885862,,,,,,,,,,,0.0019212916033626,0.000733527696793,0.0002934110787172,0.0007455433040429,0.0941432885647706,0.00502046764569,0.0271130541083675,,,,,,,,0.0001488095238095,
point_in_time_synthetic_momentum_low_volatility,point-in-time-synthetic-momentum-low-volatility-20260617T045621Z-ad5ebc3c4c-bebe91a8,ad5ebc3c4cbb9b2014d690c1283909da6a498c29e11f27b0f2331ce7965d583c,agent_signal,wf_03,synthetic,,,,,20.0,2020-03-25,2023-12-27,2024-01-03,2024-12-18,51.0,0.0460733492574383,0.2283518531547806,1.440888355577443,0.6078431372549019,0.7647001359549667,-0.1124800906158792,1.347058823529412,0.1538867871531537,0.0032557179378457,,,,,,,,,,,0.0018515554781285,0.0006735294117647,0.0002694117647058,0.0007598047778483,0.0944293293845539,0.0052768488379423,0.0244772795075046,,,,,,,,0.0001488095238095,
point_in_time_synthetic_momentum_low_volatility,point-in-time-synthetic-momentum-low-volatility-20260617T045621Z-ad5ebc3c4c-bebe91a8,ad5ebc3c4cbb9b2014d690c1283909da6a498c29e11f27b0f2331ce7965d583c,momentum_20d_only,full_sample,synthetic,,,,,20.0,,,,,74.0,0.041895278737384,0.2225048633098215,1.6197255623602542,0.5540540540540541,-0.0009038354716503,-0.3218332475303957,1.6689189189189189,-0.0451134517548205,-4.494299947171664e-06,248.0,0.0092640876384509,0.2354982513510996,0.6194992836863611,0.5201612903225806,-0.4174252495672648,-0.6223738228217757,1.6344086021505375,-0.4717340398218471,-0.0019934623627137,0.0023090084629146,0.0008344594594594,0.0003337837837837,0.0009919556958618,0.1708666262556832,0.0056646949826389,0.0316466629215204,0.0020524380095595,0.0008172043010752,0.0003268817204301,0.0007595424642446,0.5090046263707758,0.0045101566150489,0.0316466629215204,0.0001488095238095,0.0001488095238095
point_in_time_synthetic_momentum_low_volatility,point-in-time-synthetic-momentum-low-volatility-20260617T045621Z-ad5ebc3c4c-bebe91a8,ad5ebc3c4cbb9b2014d690c1283909da6a498c29e11f27b0f2331ce7965d583c,momentum_20d_only,wf_01,synthetic,,,,,20.0,2020-03-25,2022-02-09,2022-02-16,2023-01-18,49.0,0.0074574190578487,0.2436865495901132,0.2142175409055028,0.5714285714285714,-0.6548424862051763,-0.2567854980045785,1.6122448979591837,-0.1760259365487079,-0.0033046387098406,,,,,,,,,,,0.0019932144154114,0.0008061224489795,0.0003224489795918,0.0007158334630305,0.0976675063551629,0.0043775219466513,0.0188304075060214,,,,,,,,0.0001488095238095,
point_in_time_synthetic_momentum_low_volatility,point-in-time-synthetic-momentum-low-volatility-20260617T045621Z-ad5ebc3c4c-bebe91a8,ad5ebc3c4cbb9b2014d690c1283909da6a498c29e11f27b0f2331ce7965d583c,momentum_20d_only,wf_02,synthetic,,,,,20.0,2020-03-25,2023-01-18,2023-01-25,2023-12-27,49.0,0.0058155593064293,0.2266503064598707,0.1796111189120013,0.4693877551020408,-0.5054660797388221,-0.2070391200430035,1.7789115646258502,-0.1388787413564089,-0.002459764456423,,,,,,,,,,,0.0023422166443474,0.0008894557823129,0.0003557823129251,0.0009481690252998,0.1147686155730237,0.0050624418337363,0.0316466629215204,,,,,,,,0.0001488095238095,
point_in_time_synthetic_momentum_low_volatility,point-in-time-synthetic-momentum-low-volatility-20260617T045621Z-ad5ebc3c4c-bebe91a8,ad5ebc3c4cbb9b2014d690c1283909da6a498c29e11f27b0f2331ce7965d583c,momentum_20d_only,wf_03,synthetic,,,,,20.0,2020-03-25,2023-12-27,2024-01-03,2024-12-18,51.0,0.0545235638114895,0.2222351670047921,1.7520905168912575,0.5882352941176471,0.5279760023514981,-0.2339070066380042,1.5424836601307188,0.1056077410036187,0.0025449901276035,,,,,,,,,,,0.0021557544743933,0.0007712418300653,0.0003084967320261,0.0009272063884923,0.1099434781940624,0.0056762282203741,0.0293685297099811,,,,,,,,0.0001488095238095,
point_in_time_synthetic_momentum_low_volatility,point-in-time-synthetic-momentum-low-volatility-20260617T045621Z-ad5ebc3c4c-bebe91a8,ad5ebc3c4cbb9b2014d690c1283909da6a498c29e11f27b0f2331ce7965d583c,low_volatility_only,full_sample,synthetic,,,,,20.0,,,,,74.0,-0.0249102485944591,0.2269297930000729,-0.944283507509126,0.4324324324324324,-1.5824613163241488,-0.5148595047378217,0.9718468468468467,-0.4200501123029119,-0.0068623402788208,248.0,0.0006013016411997,0.2384689148829062,0.0397087717683294,0.4758064516129032,-0.5194863128696277,-0.5441995873403358,1.0796370967741935,-0.4955252770107653,-0.0022729308130476,0.0013723389888408,0.0004859234234234,0.0001943693693693,0.0005432366722384,0.1015530851742193,0.0050052351532952,0.0218411469776649,0.0014061681447947,0.000539818548387,0.0002159274193548,0.0005016126532433,0.3487296999091078,0.0044128542999263,0.0228524324505005,0.0001488095238095,0.0001488095238095
point_in_time_synthetic_momentum_low_volatility,point-in-time-synthetic-momentum-low-volatility-20260617T045621Z-ad5ebc3c4c-bebe91a8,ad5ebc3c4cbb9b2014d690c1283909da6a498c29e11f27b0f2331ce7965d583c,low_volatility_only,wf_01,synthetic,,,,,20.0,2020-03-25,2022-02-09,2022-02-16,2023-01-18,49.0,-0.0048488568359674,0.2398516403200351,-0.1415124691516942,0.4489795918367347,-0.4514630521312038,-0.1735010354334489,1.0816326530612246,-0.113700789573182,-0.0019821416650154,,,,,,,,,,,0.0014118987051329,0.0005408163265306,0.0002163265306122,0.0005059463241806,0.0691830365515165,0.004454133460177,0.0167535408537742,,,,,,,,0.0001488095238095,
point_in_time_synthetic_momentum_low_volatility,point-in-time-synthetic-momentum-low-volatility-20260617T045621Z-ad5ebc3c4c-bebe91a8,ad5ebc3c4cbb9b2014d690c1283909da6a498c29e11f27b0f2331ce7965d583c,low_volatility_only,wf_02,synthetic,,,,,20.0,2020-03-25,2023-01-18,2023-01-25,2023-12-27,49.0,-0.0148483453531788,0.2434935688717277,-0.4268630911028565,0.5102040816326531,-0.9427599448318356,-0.3350387873723509,1.032312925170068,-0.2285407905190767,-0.0046695580545631,,,,,,,,,,,0.0014313491441372,0.000516156462585,0.000206462585034,0.0005599205727086,0.070136108062726,0.0051004943411797,0.0228524324505005,,,,,,,,0.0001488095238095,
point_in_time_synthetic_momentum_low_volatility,point-in-time-synthetic-momentum-low-volatility-20260617T045621Z-ad5ebc3c4c-bebe91a8,ad5ebc3c4cbb9b2014d690c1283909da6a498c29e11f27b0f2331ce7965d583c,low_volatility_only,wf_03,synthetic,,,,,20.0,2020-03-25,2023-12-27,2024-01-03,2024-12-18,51.0,0.0035087719298245,0.2160822432713683,0.1159634555323154,0.4705882352941176,-1.0755448039109972,-0.3165140299960448,1.0326797385620914,-0.218892119175499,-0.0044140388894942,,,,,,,,,,,0.0014440109145159,0.000516339869281,0.0002065359477124,0.0005723255737129,0.0736445566403126,0.0051498498116134,0.0218411469776649,,,,,,,,0.0001488095238095,
point_in_time_synthetic_momentum_low_volatility,point-in-time-synthetic-momentum-low-volatility-20260617T045621Z-ad5ebc3c4c-bebe91a8,ad5ebc3c4cbb9b2014d690c1283909da6a498c29e11f27b0f2331ce7965d583c,reversal_5d_only,full_sample,synthetic,,,,,20.0,,,,,74.0,-0.064560048770575,0.2374137001083602,-2.3392354296619877,0.4189189189189189,-2.7162811978519232,-0.6367054895045057,3.006756756756757,-0.6147276603004508,-0.0122881401712466,248.0,-0.0134853262187727,0.2392473986642603,-0.887646556853423,0.4758064516129032,-1.390175119685071,-0.890501320982973,3.129032258064516,-0.8261438420215135,-0.0064766173213486,0.0043861661186078,0.0015033783783783,0.0006013513513513,0.0021326268650685,0.3245762927769786,0.0071496852815623,0.0497478116871313,0.0041415401457814,0.0015645161290322,0.0006258064516129,0.0018024080413267,1.0271019561538068,0.0057967778441457,0.0497478116871313,0.0001488095238095,0.0001488095238095
point_in_time_synthetic_momentum_low_volatility,point-in-time-synthetic-momentum-low-volatility-20260617T045621Z-ad5ebc3c4c-bebe91a8,ad5ebc3c4cbb9b2014d690c1283909da6a498c29e11f27b0f2331ce7965d583c,reversal_5d_only,wf_01,synthetic,,,,,20.0,2020-03-25,2022-02-09,2022-02-16,2023-01-18,49.0,-0.0195181832131348,0.2652799314772556,-0.515030600811423,0.4489795918367347,-1.5828262135894842,-0.3655917959627316,3.2312925170068025,-0.3254435804885311,-0.0074475832400695,,,,,,,,,,,0.0041672976588555,0.0016156462585034,0.0006462585034013,0.0017565833731412,0.2041975852839219,0.005411786500637,0.0234030073033256,,,,,,,,0.0001488095238095,
point_in_time_synthetic_momentum_low_volatility,point-in-time-synthetic-momentum-low-volatility-20260617T045621Z-ad5ebc3c4c-bebe91a8,ad5ebc3c4cbb9b2014d690c1283909da6a498c29e11f27b0f2331ce7965d583c,reversal_5d_only,wf_02,synthetic,,,,,20.0,2020-03-25,2023-01-18,2023-01-25,2023-12-27,49.0,-0.0232878113651475,0.1963109398282163,-0.8303901947526731,0.4489795918367347,-2.6857691250743914,-0.4275233888879359,3.098639455782313,-0.4117427148564722,-0.0103939883931793,,,,,,,,,,,0.0044709183864845,0.0015493197278911,0.0006197278911564,0.0021530612436274,0.2190750009377447,0.0068598232357882,0.0342227674927394,,,,,,,,0.0001488095238095,
point_in_time_synthetic_momentum_low_volatility,point-in-time-synthetic-momentum-low-volatility-20260617T045621Z-ad5ebc3c4c-bebe91a8,ad5ebc3c4cbb9b2014d690c1283909da6a498c29e11f27b0f2331ce7965d583c,reversal_5d_only,wf_03,synthetic,,,,,20.0,2020-03-25,2023-12-27,2024-01-03,2024-12-18,51.0,-0.0900240798073615,0.2435965993078441,-2.6392015513206704,0.3529411764705882,-3.4271542093585765,-0.6304540007833235,2.9411764705882355,-0.5742298075781767,-0.0160492891935776,,,,,,,,,,,0.0042964314649783,0.0014705882352941,0.0005882352941176,0.002088798411757,0.2191180047138944,0.0072375424107579,0.0497478116871313,,,,,,,,0.0001488095238095,
point_in_time_synthetic_momentum_low_volatility,point-in-time-synthetic-momentum-low-volatility-20260617T045621Z-ad5ebc3c4c-bebe91a8,ad5ebc3c4cbb9b2014d690c1283909da6a498c29e11f27b0f2331ce7965d583c,random_cross_section,full_sample,synthetic,,,,,20.0,,,,,74.0,-0.0052225157488315,0.2814332862078634,-0.1596320740486962,0.4864864864864865,-0.7511803286128017,-0.3609998926687431,3.243243243243243,-0.2934170443688456,-0.0039837736706855,248.0,0.0130962486862317,0.2399038255149556,0.8596775399813444,0.5241935483870968,-0.1613936857801057,-0.5312023349062127,3.184811827956989,-0.2664865300961083,-0.0007323577242494,0.0046813365514171,0.0016216216216216,0.0006486486486486,0.0022622567573373,0.3464189048048692,0.0068571601188834,0.0474312697558125,0.0042401975645508,0.0015924059139784,0.0006369623655913,0.0018620197611714,1.05156899600862,0.0057728885031026,0.0474312697558125,0.0001488095238095,0.0001488095238095
point_in_time_synthetic_momentum_low_volatility,point-in-time-synthetic-momentum-low-volatility-20260617T045621Z-ad5ebc3c4c-bebe91a8,ad5ebc3c4cbb9b2014d690c1283909da6a498c29e11f27b0f2331ce7965d583c,random_cross_section,wf_01,synthetic,,,,,20.0,2020-03-25,2022-02-09,2022-02-16,2023-01-18,49.0,0.0340954426883535,0.2242855142706492,1.064126230330104,0.5918367346938775,0.928826549353414,-0.1916455507568318,3.0136054421768708,0.1993811903735725,0.0042265165475982,,,,,,,,,,,0.0040371520646126,0.0015068027210884,0.0006027210884353,0.0017788187312793,0.1978204511660216,0.0058726814711052,0.032391963549079,,,,,,,,0.0001488095238095,
point_in_time_synthetic_momentum_low_volatility,point-in-time-synthetic-momentum-low-volatility-20260617T045621Z-ad5ebc3c4c-bebe91a8,ad5ebc3c4cbb9b2014d690c1283909da6a498c29e11f27b0f2331ce7965d583c,random_cross_section,wf_02,synthetic,,,,,20.0,2020-03-25,2023-01-18,2023-01-25,2023-12-27,49.0,-0.0247557669684415,0.210439991459739,-0.8234669065373164,0.4081632653061224,-1.5430353247548114,-0.3310532635669304,3.343537414965986,-0.3251073237239691,-0.007421267499865,,,,,,,,,,,0.0045704426525839,0.0016717687074829,0.0006687074829931,0.0020811569382982,0.2239516899766141,0.0061781909066631,0.0297641634492865,,,,,,,,0.0001488095238095,
point_in_time_synthetic_momentum_low_volatility,point-in-time-synthetic-momentum-low-volatility-20260617T045621Z-ad5ebc3c4c-bebe91a8,ad5ebc3c4cbb9b2014d690c1283909da6a498c29e11f27b0f2331ce7965d583c,random_cross_section,wf_03,synthetic,,,,,20.0,2020-03-25,2023-12-27,2024-01-03,2024-12-18,51.0,0.0143790849673202,0.2976766543305624,0.3449622423128369,0.5490196078431373,-0.2551963162453437,-0.2279566486716848,3.2189542483660127,-0.0946951120463385,-0.0013041240842728,,,,,,,,,,,0.0047628911772374,0.001609477124183,0.0006437908496732,0.0023608136795716,0.242907450039109,0.0071539333574986,0.0474312697558125,,,,,,,,0.0001488095238095,
point_in_time_synthetic_momentum_low_volatility,point-in-time-synthetic-momentum-low-volatility-20260617T045621Z-ad5ebc3c4c-bebe91a8,ad5ebc3c4cbb9b2014d690c1283909da6a498c29e11f27b0f2331ce7965d583c,sector_neutral_signal,full_sample,synthetic,,,,,20.0,,,,,74.0,0.0284962021209207,0.2263221761006054,1.083117897428587,0.5,0.3008216015104482,-0.1892474998578067,1.4189189189189189,0.0633820892902696,0.0012778332025644,248.0,0.017096995786444,0.2291956604373027,1.1747332317509869,0.5161290322580645,0.4539643421911875,-0.2955179112240759,1.4931451612903224,0.4477746175317707,0.0019594187881585,0.0018679318898034,0.0007094594594594,0.0002837837837837,0.0007258791227506,0.1382269598454538,0.0050616520628222,0.0351465516219578,0.0018672126113878,0.0007465725806451,0.000298629032258,0.000673201474675,0.4630687276241784,0.0044469926926797,0.0351465516219578,0.0001488095238095,0.0001488095238095
point_in_time_synthetic_momentum_low_volatility,point-in-time-synthetic-momentum-low-volatility-20260617T045621Z-ad5ebc3c4c-bebe91a8,ad5ebc3c4cbb9b2014d690c1283909da6a498c29e11f27b0f2331ce7965d583c,sector_neutral_signal,wf_01,synthetic,,,,,20.0,2020-03-25,2022-02-09,2022-02-16,2023-01-18,49.0,-0.0062556250347834,0.270704301123328,-0.1617609142587449,0.4693877551020408,-0.7060947812910353,-0.1701546488366028,1.4965986394557822,-0.1606068321337261,-0.0030910113938245,,,,,,,,,,,0.0018723142978818,0.0007482993197278,0.0002993197278911,0.0006758857264532,0.0917434005962096,0.0044397775427995,0.0210356578429291,,,,,,,,0.0001488095238095,
point_in_time_synthetic_momentum_low_volatility,point-in-time-synthetic-momentum-low-volatility-20260617T045621Z-ad5ebc3c4c-bebe91a8,ad5ebc3c4cbb9b2014d690c1283909da6a498c29e11f27b0f2331ce7965d583c,sector_neutral_signal,wf_02,synthetic,,,,,20.0,2020-03-25,2023-01-18,2023-01-25,2023-12-27,49.0,0.0648578035852944,0.1939915795828128,2.3403316065234248,0.5918367346938775,1.2167906151560637,-0.1886107286734181,1.4972789115646257,0.2772692588828773,0.0055072382745258,,,,,,,,,,,0.0019710256477025,0.0007486394557823,0.0002994557823129,0.0007741208857978,0.0965802567374266,0.004933962258254,0.0351465516219578,,,,,,,,0.0001488095238095,
point_in_time_synthetic_momentum_low_volatility,point-in-time-synthetic-momentum-low-volatility-20260617T045621Z-ad5ebc3c4c-bebe91a8,ad5ebc3c4cbb9b2014d690c1283909da6a498c29e11f27b0f2331ce7965d583c,sector_neutral_signal,wf_03,synthetic,,,,,20.0,2020-03-25,2023-12-27,2024-01-03,2024-12-18,51.0,0.0312002011065273,0.2422353341113187,0.9198245333441514,0.5098039215686274,0.6729755682058778,-0.1633292189129517,1.3790849673202614,0.1285993437484562,0.0028035408387672,,,,,,,,,,,0.0018143426127875,0.0006895424836601,0.000275816993464,0.0007001736118538,0.0925314732521648,0.0050327464772638,0.0270858832280898,,,,,,,,0.0001488095238095,
point_in_time_synthetic_momentum_low_volatility,point-in-time-synthetic-momentum-low-volatility-20260617T045621Z-ad5ebc3c4c-bebe91a8,ad5ebc3c4cbb9b2014d690c1283909da6a498c29e11f27b0f2331ce7965d583c,liquidity_top_80pct,full_sample,synthetic,,,,,20.0,,,,,74.0,0.0265495128839127,0.2315824800648363,0.9862039021475834,0.527027027027027,0.0702433502455366,-0.1941315713758765,1.3671171171171173,-0.0066526514151599,0.0002670285495409,248.0,0.0212722845905953,0.2487790887942004,1.3465612176361714,0.5080645161290323,0.1973660749829032,-0.2681632997929516,1.406787634408602,0.1004078727288615,0.0008451002487191,0.0016352896294075,0.0006835585585585,0.0002734234234234,0.0005294981236159,0.1210114325761552,0.0036072181971983,0.0203025847497787,0.0015868854994635,0.0007033938172043,0.0002813575268817,0.000453324631568,0.3935476038669621,0.0030755211422029,0.0203025847497787,0.0001488095238095,0.0001488095238095
point_in_time_synthetic_momentum_low_volatility,point-in-time-synthetic-momentum-low-volatility-20260617T045621Z-ad5ebc3c4c-bebe91a8,ad5ebc3c4cbb9b2014d690c1283909da6a498c29e11f27b0f2331ce7965d583c,liquidity_top_80pct,wf_01,synthetic,,,,,20.0,2020-03-25,2022-02-09,2022-02-16,2023-01-18,49.0,0.0160738064209312,0.2840016358451477,0.3961830875082299,0.4693877551020408,0.1931231450517466,-0.1950824184443403,1.4751700680272108,0.0171978012414759,0.0009637325903359,,,,,,,,,,,0.001638500921805,0.0007375850340136,0.0002950340136054,0.0004570723503765,0.0802865451684489,0.002981600021482,0.0137127042238431,,,,,,,,0.0001488095238095,
point_in_time_synthetic_momentum_low_volatility,point-in-time-synthetic-momentum-low-volatility-20260617T045621Z-ad5ebc3c4c-bebe91a8,ad5ebc3c4cbb9b2014d690c1283909da6a498c29e11f27b0f2331ce7965d583c,liquidity_top_80pct,wf_02,synthetic,,,,,20.0,2020-03-25,2023-01-18,2023-01-25,2023-12-27,49.0,0.0354127800138923,0.2135930100321976,1.1605691593553509,0.5102040816326531,0.8370129288286986,-0.1941315713758763,1.4357142857142855,0.1677400792987211,0.00363087587849,,,,,,,,,,,0.0017218298206575,0.0007178571428571,0.0002871428571428,0.000568020296848,0.0843696612122194,0.0038077304515839,0.0156588250248318,,,,,,,,0.0001488095238095,
point_in_time_synthetic_momentum_low_volatility,point-in-time-synthetic-momentum-low-volatility-20260617T045621Z-ad5ebc3c4c-bebe91a8,ad5ebc3c4cbb9b2014d690c1283909da6a498c29e11f27b0f2331ce7965d583c,liquidity_top_80pct,wf_03,synthetic,,,,,20.0,2020-03-25,2023-12-27,2024-01-03,2024-12-18,51.0,0.0370072442844333,0.248611574639878,1.0630421643791397,0.5490196078431373,0.4480225037597126,-0.1184588730947936,1.2454248366013074,0.0709830504777397,0.0016972410291514,,,,,,,,,,,0.0014940056791387,0.0006227124183006,0.0002490849673202,0.0004733987697083,0.0761942896360772,0.0034589918445707,0.0203025847497787,,,,,,,,0.0001488095238095,
point_in_time_synthetic_momentum_low_volatility,point-in-time-synthetic-momentum-low-volatility-20260617T045621Z-ad5ebc3c4c-bebe91a8,ad5ebc3c4cbb9b2014d690c1283909da6a498c29e11f27b0f2331ce7965d583c,sector_neutral_liquidity_top_80pct,full_sample,synthetic,,,,,20.0,,,,,74.0,0.0343673950493632,0.2360055983019233,1.2526800759080303,0.5135135135135135,0.5235969271686989,-0.1819933706761911,1.3626126126126124,0.1391190040381091,0.0021992210034879,248.0,0.0147829149366867,0.2508066611170257,0.9282113010388212,0.5161290322580645,0.3718525919567055,-0.252446562561207,1.3953629032258066,0.3205499592941971,0.0015684539152412,0.0016614878593362,0.0006813063063063,0.0002725225225225,0.0005588495066978,0.1229501015908825,0.0038724322142998,0.023807143743758,0.0016011117770026,0.0006976814516129,0.0002790725806451,0.000475548220935,0.3970757206966501,0.0032808983307923,0.023807143743758,0.0001488095238095,0.0001488095238095
point_in_time_synthetic_momentum_low_volatility,point-in-time-synthetic-momentum-low-volatility-20260617T045621Z-ad5ebc3c4c-bebe91a8,ad5ebc3c4cbb9b2014d690c1283909da6a498c29e11f27b0f2331ce7965d583c,sector_neutral_liquidity_top_80pct,wf_01,synthetic,,,,,20.0,2020-03-25,2022-02-09,2022-02-16,2023-01-18,49.0,-0.0116955516641857,0.3021834117750018,-0.2709244070295212,0.5102040816326531,-0.0296707489312889,-0.1342532221907467,1.4098639455782311,-0.0314277229003386,-0.0001352461488937,,,,,,,,,,,0.0016111466070098,0.0007049319727891,0.0002819727891156,0.0004754323212955,0.0789461837434838,0.0032734100527366,0.015998154927817,,,,,,,,0.0001488095238095,
point_in_time_synthetic_momentum_low_volatility,point-in-time-synthetic-momentum-low-volatility-20260617T045621Z-ad5ebc3c4c-bebe91a8,ad5ebc3c4cbb9b2014d690c1283909da6a498c29e11f27b0f2331ce7965d583c,sector_neutral_liquidity_top_80pct,wf_02,synthetic,,,,,20.0,2020-03-25,2023-01-18,2023-01-25,2023-12-27,49.0,0.0679224252705501,0.2133321565750969,2.2287168729130684,0.5918367346938775,0.955581950241856,-0.1819933706761912,1.4071428571428568,0.1956587174605379,0.004107405246559,,,,,,,,,,,0.0016830298734132,0.0007035714285714,0.0002814285714285,0.0005492203496036,0.082468463797247,0.0036977902095743,0.0150313294186575,,,,,,,,0.0001488095238095,
point_in_time_synthetic_momentum_low_volatility,point-in-time-synthetic-momentum-low-volatility-20260617T045621Z-ad5ebc3c4c-bebe91a8,ad5ebc3c4cbb9b2014d690c1283909da6a498c29e11f27b0f2331ce7965d583c,sector_neutral_liquidity_top_80pct,wf_03,synthetic,,,,,20.0,2020-03-25,2023-12-27,2024-01-03,2024-12-18,51.0,0.0250961412671652,0.2519045233238257,0.711469148418862,0.4705882352941176,0.7775181092800735,-0.1356346038698227,1.3202614379084967,0.1482425616149254,0.0031076688835218,,,,,,,,,,,0.0016095255475345,0.0006601307189542,0.0002640522875816,0.000536533017189,0.0820858029242622,0.0037619812006451,0.023807143743758,,,,,,,,0.0001488095238095,
yahoo_nasdaq_momentum_low_volatility,yahoo-nasdaq-momentum-low-volatility-20260617T045621Z-da84cab038-f660f305,da84cab03886d0cc9e6e1c163f8df62172a6d742b7f581f27927aceb470bb2ac,agent_signal,full_sample,yahoo,,,,,20.0,,,,,86.0,-0.007912495592284574,0.30300483625456215,-0.2421659877682354,0.47674418604651164,-0.2864013673885174,-0.2813189478765854,1.6236434108527134,-0.15171342531692056,-0.0013506792556581312,289.0,0.01234316650207696,0.3045384189300449,0.6890225255405591,0.4844290657439446,0.08590002690633022,-0.35428708822289967,1.6995386389850056,-0.053474439416524744,0.00042374392513088496,0.0014865990878370802,0.0008118217054263564,0.00032472868217054264,0.00020123917643065728,0.1278475215539889,0.0012084370732742117,0.006948319345010264,0.0016492417429207437,0.0008497693194925029,0.0003399077277970012,0.00031075517182171583,0.4766308637040949,0.0017806140378938242,0.015065905326213465,0.00014880952380952371,0.00014880952380952377
yahoo_nasdaq_momentum_low_volatility,yahoo-nasdaq-momentum-low-volatility-20260617T045621Z-da84cab038-f660f305,da84cab03886d0cc9e6e1c163f8df62172a6d742b7f581f27927aceb470bb2ac,agent_signal,wf_01,yahoo,,,,,20.0,2020-03-30,2022-07-05,2022-07-12,2023-08-29,58.0,0.004092574389997083,0.2746580910837316,0.11347970070754382,0.5,0.9566539090041266,-0.1768064103365139,1.747126436781609,0.2697250941064042,0.004730938700749264,,,,,,,,,,,0.001710805786774061,0.0008735632183908046,0.0003494252873563219,0.00033900775721741085,0.09922673563289554,0.001930411275798315,0.010002560159279226,,,,,,,,0.00014880952380952377,
yahoo_nasdaq_momentum_low_volatility,yahoo-nasdaq-momentum-low-volatility-20260617T045621Z-da84cab038-f660f305,da84cab03886d0cc9e6e1c163f8df62172a6d742b7f581f27927aceb470bb2ac,agent_signal,wf_02,yahoo,,,,,20.0,2020-03-30,2023-08-29,2023-09-06,2024-10-23,58.0,0.004536791402415147,0.27420395590310387,0.12600538105160422,0.46551724137931033,-0.626011831578375,-0.3068110598719279,1.8298850574712644,-0.18664238009134626,-0.0029865883966808822,,,,,,,,,,,0.0017345980818959923,0.0009149425287356323,0.0003659770114942529,0.00030486901785658355,0.10060668874996756,0.0015935659148277781,0.007422991002119609,,,,,,,,0.00014880952380952377,
yahoo_nasdaq_momentum_low_volatility,yahoo-nasdaq-momentum-low-volatility-20260617T045621Z-da84cab038-f660f305,da84cab03886d0cc9e6e1c163f8df62172a6d742b7f581f27927aceb470bb2ac,agent_signal,wf_03,yahoo,,,,,20.0,2020-03-30,2024-10-23,2024-10-30,2025-12-19,58.0,-0.0008778342791791539,0.33210101938485737,-0.02013058167409787,0.4827586206896552,-0.2507163973924587,-0.2813189478765854,1.6419540229885057,-0.10468179842185488,-0.0012640915986140036,,,,,,,,,,,0.0014961710718459221,0.0008209770114942529,0.00032839080459770115,0.0001979937319444443,0.08677792216706348,0.0011755787696162894,0.006948319345010264,,,,,,,,0.00014880952380952377,
yahoo_nasdaq_momentum_low_volatility,yahoo-nasdaq-momentum-low-volatility-20260617T045621Z-da84cab038-f660f305,da84cab03886d0cc9e6e1c163f8df62172a6d742b7f581f27927aceb470bb2ac,momentum_20d_only,full_sample,yahoo,,,,,20.0,,,,,86.0,-0.043731421577198816,0.30086925751200677,-1.3479227599597698,0.45348837209302323,-0.7571474304567863,-0.38939789736871644,1.7189922480620157,-0.34598689292610585,-0.004164298341716412,289.0,-0.009886307464162135,0.28487588387588664,-0.5899664955984094,0.49480968858131485,-0.22305645851376513,-0.5805491154891705,1.7324106113033448,-0.40650798112508413,-0.001142728079836208,0.0015949614479278448,0.0008594961240310079,0.00034379844961240317,0.00024285735047491032,0.13716668452179465,0.001404433489301647,0.006015536491204831,0.001721494455355684,0.0008662053056516723,0.000346482122260669,0.0003599975036338189,0.4975118975977927,0.00202505084361644,0.01459389086017917,0.00014880952380952371,0.00014880952380952377
yahoo_nasdaq_momentum_low_volatility,yahoo-nasdaq-momentum-low-volatility-20260617T045621Z-da84cab038-f660f305,da84cab03886d0cc9e6e1c163f8df62172a6d742b7f581f27927aceb470bb2ac,momentum_20d_only,wf_01,yahoo,,,,,20.0,2020-03-30,2022-07-05,2022-07-12,2023-08-29,58.0,0.00611874513870884,0.2889355085189182,0.16127811672535647,0.5862068965517241,0.12720821645986374,-0.18064454988920664,1.7068965517241377,-0.006133656933763998,0.0007527019750208213,,,,,,,,,,,0.0017339138799432822,0.000853448275862069,0.00034137931034482763,0.00039027676992686196,0.10056700503671037,0.002225623501935891,0.009259544558491114,,,,,,,,0.00014880952380952377,
yahoo_nasdaq_momentum_low_volatility,yahoo-nasdaq-momentum-low-volatility-20260617T045621Z-da84cab038-f660f305,da84cab03886d0cc9e6e1c163f8df62172a6d742b7f581f27927aceb470bb2ac,momentum_20d_only,wf_02,yahoo,,,,,20.0,2020-03-30,2023-08-29,2023-09-06,2024-10-23,58.0,-0.054627949183303076,0.28932333952440764,-1.4379554269717074,0.43103448275862066,-1.320565980284912,-0.37380822121187307,1.804597701149425,-0.3444986814393338,-0.006619670457163164,,,,,,,,,,,0.0017483475604431872,0.0009022988505747127,0.00036091954022988515,0.0003363196458290658,0.10140415850570486,0.0018594467369852693,0.010886883173732553,,,,,,,,0.00014880952380952377,
yahoo_nasdaq_momentum_low_volatility,yahoo-nasdaq-momentum-low-volatility-20260617T045621Z-da84cab038-f660f305,da84cab03886d0cc9e6e1c163f8df62172a6d742b7f581f27927aceb470bb2ac,momentum_20d_only,wf_03,yahoo,,,,,20.0,2020-03-30,2024-10-23,2024-10-30,2025-12-19,58.0,-0.00635208711433758,0.3070835989795642,-0.15753382587748085,0.46551724137931033,0.21043634045941176,-0.2660215929327471,1.6206896551724137,0.022251989124488114,0.0012163570804712713,,,,,,,,,,,0.0014970136523283371,0.0008103448275862069,0.00032413793103448275,0.00021372136989812374,0.08682679183504355,0.0013062374058489226,0.005167900746827975,,,,,,,,0.00014880952380952377,
yahoo_nasdaq_momentum_low_volatility,yahoo-nasdaq-momentum-low-volatility-20260617T045621Z-da84cab038-f660f305,da84cab03886d0cc9e6e1c163f8df62172a6d742b7f581f27927aceb470bb2ac,low_volatility_only,full_sample,yahoo,,,,,20.0,,,,,86.0,-0.028763769889840887,0.3385902539867248,-0.7878083474342094,0.46511627906976744,-1.3155356627210537,-0.5895575775164499,1.0232558139534882,-0.5437132511571092,-0.008124934576085317,289.0,-0.010214116606394881,0.34074531561146,-0.5095887583872425,0.4913494809688581,-1.088128531673076,-0.8873036326275364,1.027681660899654,-0.8713396810963853,-0.0062360385986437485,0.0010211618779946364,0.0005116279069767442,0.00020465116279069765,0.00015607328441767098,0.08781992150753874,0.0012756912088395182,0.006231774987234344,0.001066791804438058,0.000513840830449827,0.00020553633217993078,0.0001986051179987763,0.30830283148259874,0.0016708246291827274,0.011376056242557242,0.00014880952380952371,0.00014880952380952377
yahoo_nasdaq_momentum_low_volatility,yahoo-nasdaq-momentum-low-volatility-20260617T045621Z-da84cab038-f660f305,da84cab03886d0cc9e6e1c163f8df62172a6d742b7f581f27927aceb470bb2ac,low_volatility_only,wf_01,yahoo,,,,,20.0,2020-03-30,2022-07-05,2022-07-12,2023-08-29,58.0,-0.04140523723100857,0.34930507458203214,-0.9027435187511886,0.46551724137931033,-2.6741235432522705,-0.6248313551521525,1.0660919540229883,-0.6049258040054964,-0.015079067259621588,,,,,,,,,,,0.0011150827360020114,0.0005330459770114942,0.00021321839080459768,0.00022000884437639592,0.06467479868811667,0.0019170314723365527,0.006149616012962932,,,,,,,,0.00014880952380952377,
yahoo_nasdaq_momentum_low_volatility,yahoo-nasdaq-momentum-low-volatility-20260617T045621Z-da84cab038-f660f305,da84cab03886d0cc9e6e1c163f8df62172a6d742b7f581f27927aceb470bb2ac,low_volatility_only,wf_02,yahoo,,,,,20.0,2020-03-30,2023-08-29,2023-09-06,2024-10-23,58.0,-0.03647912885662432,0.3068774110807609,-0.9053021123099559,0.46551724137931033,-1.5511480957446937,-0.47286506035407283,1.0028735632183907,-0.39812479053079686,-0.008045882301002099,,,,,,,,,,,0.0010392427233003438,0.0005014367816091954,0.00020057471264367814,0.0001884217052379465,0.06027607795141994,0.001632683649651281,0.008426688863820031,,,,,,,,0.00014880952380952377,
yahoo_nasdaq_momentum_low_volatility,yahoo-nasdaq-momentum-low-volatility-20260617T045621Z-da84cab038-f660f305,da84cab03886d0cc9e6e1c163f8df62172a6d742b7f581f27927aceb470bb2ac,low_volatility_only,wf_03,yahoo,,,,,20.0,2020-03-30,2024-10-23,2024-10-30,2025-12-19,58.0,-0.038138449572206384,0.33901824740696973,-0.8567496905341649,0.43103448275862066,-1.4384648236779596,-0.5139046617817277,1.0402298850574712,-0.4469785797826892,-0.009147455780302115,,,,,,,,,,,0.0010314438452638615,0.0005201149425287356,0.00020804597701149421,0.00015447340191410787,0.059823743025303966,0.0011862866817670843,0.004877780091410121,,,,,,,,0.00014880952380952377,
yahoo_nasdaq_momentum_low_volatility,yahoo-nasdaq-momentum-low-volatility-20260617T045621Z-da84cab038-f660f305,da84cab03886d0cc9e6e1c163f8df62172a6d742b7f581f27927aceb470bb2ac,reversal_5d_only,full_sample,yahoo,,,,,20.0,,,,,86.0,0.06130442385032348,0.2829463140893305,2.009263986010361,0.6046511627906976,0.42114371317217986,-0.23447188488645565,3.3062015503875966,0.14168726211352367,0.002290401079966604,289.0,0.013055129172412,0.28470437076698285,0.7795356120916358,0.5259515570934256,-0.409470818813576,-0.7063758091386845,3.204152249134948,-0.5545737284340626,-0.0021135858948076987,0.00301439573442908,0.0016531007751937987,0.0006612403100775194,0.0005512451253482391,0.2592380331609009,0.0016507074505452803,0.013015593659960146,0.003149012428976021,0.001602076124567474,0.0006408304498269897,0.0007572963307720335,0.9100645919740701,0.0023392655139868553,0.01721863876870045,0.00014880952380952371,0.00014880952380952377
yahoo_nasdaq_momentum_low_volatility,yahoo-nasdaq-momentum-low-volatility-20260617T045621Z-da84cab038-f660f305,da84cab03886d0cc9e6e1c163f8df62172a6d742b7f581f27927aceb470bb2ac,reversal_5d_only,wf_01,yahoo,,,,,20.0,2020-03-30,2022-07-05,2022-07-12,2023-08-29,58.0,-0.02027482499351827,0.2920908611724591,-0.5286316261040653,0.5,-1.2817545067319394,-0.5095232461667829,3.209770114942529,-0.34182446428765,-0.006526436601003394,,,,,,,,,,,0.003192789647166524,0.0016048850574712642,0.0006419540229885058,0.0007971410428972301,0.1851817995356584,0.002463399916734079,0.015587280425720532,,,,,,,,0.00014880952380952377,
yahoo_nasdaq_momentum_low_volatility,yahoo-nasdaq-momentum-low-volatility-20260617T045621Z-da84cab038-f660f305,da84cab03886d0cc9e6e1c163f8df62172a6d742b7f581f27927aceb470bb2ac,reversal_5d_only,wf_02,yahoo,,,,,20.0,2020-03-30,2023-08-29,2023-09-06,2024-10-23,58.0,0.03489758879958517,0.2721485665031569,0.9765699729904526,0.5689655172413793,-0.1788241575142377,-0.2812084807671993,3.2270114942528734,-0.08449453424319109,-0.0008913692832369278,,,,,,,,,,,0.00309632808268413,0.0016135057471264366,0.0006454022988505748,0.0006886105128975951,0.17958702879567956,0.0020925060954824415,0.01426130128460473,,,,,,,,0.00014880952380952377,
yahoo_nasdaq_momentum_low_volatility,yahoo-nasdaq-momentum-low-volatility-20260617T045621Z-da84cab038-f660f305,da84cab03886d0cc9e6e1c163f8df62172a6d742b7f581f27927aceb470bb2ac,reversal_5d_only,wf_03,yahoo,,,,,20.0,2020-03-30,2024-10-23,2024-10-30,2025-12-19,58.0,0.047186932849364774,0.29102893493356224,1.234808402210716,0.5689655172413793,0.09491390539210949,-0.23447188488645587,3.3017241379310347,-0.014823996012597096,0.0005319231923325287,,,,,,,,,,,0.002953906723842878,0.001650862068965517,0.0006603448275862069,0.0004938903034816308,0.17132658998288694,0.0014964762829738317,0.008582262355300354,,,,,,,,0.00014880952380952377,
yahoo_nasdaq_momentum_low_volatility,yahoo-nasdaq-momentum-low-volatility-20260617T045621Z-da84cab038-f660f305,da84cab03886d0cc9e6e1c163f8df62172a6d742b7f581f27927aceb470bb2ac,random_cross_section,full_sample,yahoo,,,,,20.0,,,,,86.0,-0.0001049134464067169,0.20808795676321684,-0.004675557836970933,0.5,-1.3418224695177758,-0.40707978318768967,3.2732558139534884,-0.3808450877423707,-0.005183338355281352,289.0,-0.011301610427452712,0.22968855180366515,-0.8364691046113788,0.48788927335640137,-1.3732057666114446,-0.8446207338168602,3.2531718569780854,-0.8055365667457293,-0.0052779707296042805,0.0030032449611578013,0.0016366279069767444,0.0006546511627906978,0.0005631563675808359,0.2582790666595709,0.001709065105228812,0.011337987259554977,0.0031768635956669978,0.0016265859284890426,0.000650634371395617,0.0007508337719728138,0.9181135791477624,0.0022887767714889038,0.017085762114578875,0.00014880952380952371,0.00014880952380952377
yahoo_nasdaq_momentum_low_volatility,yahoo-nasdaq-momentum-low-volatility-20260617T045621Z-da84cab038-f660f305,da84cab03886d0cc9e6e1c163f8df62172a6d742b7f581f27927aceb470bb2ac,random_cross_section,wf_01,yahoo,,,,,20.0,2020-03-30,2022-07-05,2022-07-12,2023-08-29,58.0,0.011667098781436354,0.21311229719906855,0.41693500699362235,0.5172413793103449,-1.1901004220850822,-0.22818851273305873,3.4109195402298846,-0.22269831943617202,-0.004048424647742815,,,,,,,,,,,0.0034105030881428277,0.0017054597701149426,0.0006821839080459771,0.0008740498861723842,0.19780917911228402,0.0025476062856815383,0.01150258489938834,,,,,,,,0.00014880952380952377,
yahoo_nasdaq_momentum_low_volatility,yahoo-nasdaq-momentum-low-volatility-20260617T045621Z-da84cab038-f660f305,da84cab03886d0cc9e6e1c163f8df62172a6d742b7f581f27927aceb470bb2ac,random_cross_section,wf_02,yahoo,,,,,20.0,2020-03-30,2023-08-29,2023-09-06,2024-10-23,58.0,-0.018459942960850396,0.2202812425902971,-0.6382147453131297,0.4482758620689655,-2.799737900851559,-0.46122853273534226,3.14367816091954,-0.4416497608498178,-0.009696203372122873,,,,,,,,,,,0.002987324690474365,0.0015718390804597701,0.000628735632183908,0.0006379404540211626,0.17326483204751317,0.0020106204745429777,0.011337987259554977,,,,,,,,0.00014880952380952377,
yahoo_nasdaq_momentum_low_volatility,yahoo-nasdaq-momentum-low-volatility-20260617T045621Z-da84cab038-f660f305,da84cab03886d0cc9e6e1c163f8df62172a6d742b7f581f27927aceb470bb2ac,random_cross_section,wf_03,yahoo,,,,,20.0,2020-03-30,2024-10-23,2024-10-30,2025-12-19,58.0,0.016256157635467984,0.20334433102916832,0.6088353065870452,0.5517241379310345,-0.8160752519152892,-0.24468090530225928,3.3304597701149428,-0.19369256701648196,-0.0032967476014339396,,,,,,,,,,,0.003027082798210834,0.0016652298850574714,0.0006660919540229886,0.0005469514353208496,0.17557080229622837,0.0016372391047449503,0.0073562248759717315,,,,,,,,0.00014880952380952377,
yahoo_nasdaq_momentum_low_volatility,yahoo-nasdaq-momentum-low-volatility-20260617T045621Z-da84cab038-f660f305,da84cab03886d0cc9e6e1c163f8df62172a6d742b7f581f27927aceb470bb2ac,sector_neutral_signal,full_sample,yahoo,,,,,20.0,,,,,86.0,-0.008851767386910372,0.2700932954942523,-0.3039242925555128,0.4418604651162791,-0.24807903105781373,-0.24442260028896623,1.513565891472868,-0.12315512199044742,-0.0010652548879684326,289.0,0.016337078343069477,0.25889259348155447,1.0727627549992804,0.48788927335640137,0.0768810181870888,-0.39968034751122716,1.604152249134948,-0.03913702051979806,0.0003331793347539087,0.0013988437292792285,0.0007567829457364342,0.00030271317829457363,0.00019053808143869685,0.12030056071801365,0.001223702588977378,0.004681769386371878,0.0015428409137356956,0.000802076124567474,0.0003208304498269896,0.000271124815531708,0.445881024069616,0.0016440343997834812,0.011661450155959445,0.00014880952380952371,0.00014880952380952377
yahoo_nasdaq_momentum_low_volatility,yahoo-nasdaq-momentum-low-volatility-20260617T045621Z-da84cab038-f660f305,da84cab03886d0cc9e6e1c163f8df62172a6d742b7f581f27927aceb470bb2ac,sector_neutral_signal,wf_01,yahoo,,,,,20.0,2020-03-30,2022-07-05,2022-07-12,2023-08-29,58.0,0.020423277537045748,0.22924343988607146,0.6784885442197461,0.5517241379310345,0.3944064452114105,-0.14625954313338008,1.668390804597701,0.07110931292573186,0.001574647406661102,,,,,,,,,,,0.0016215569937850223,0.0008341954022988506,0.00033367816091954024,0.0003048739067571077,0.09405030563953129,0.001825058147002171,0.011113955732532472,,,,,,,,0.00014880952380952377,
yahoo_nasdaq_momentum_low_volatility,yahoo-nasdaq-momentum-low-volatility-20260617T045621Z-da84cab038-f660f305,da84cab03886d0cc9e6e1c163f8df62172a6d742b7f581f27927aceb470bb2ac,sector_neutral_signal,wf_02,yahoo,,,,,20.0,2020-03-30,2023-08-29,2023-09-06,2024-10-23,58.0,-0.0003363405327602527,0.23070051796866983,-0.011103109808168414,0.46551724137931033,-0.8036487204189302,-0.1959023736131732,1.699425287356322,-0.1731901995385754,-0.002938706113957081,,,,,,,,,,,0.0016186592479878084,0.0008497126436781609,0.00033988505747126435,0.0002802520230288595,0.09388223638329289,0.0016241485775079093,0.005327466206152579,,,,,,,,0.00014880952380952377,
yahoo_nasdaq_momentum_low_volatility,yahoo-nasdaq-momentum-low-volatility-20260617T045621Z-da84cab038-f660f305,da84cab03886d0cc9e6e1c163f8df62172a6d742b7f581f27927aceb470bb2ac,sector_neutral_signal,wf_03,yahoo,,,,,20.0,2020-03-30,2024-10-23,2024-10-30,2025-12-19,58.0,-0.013089151173535507,0.28763047710678263,-0.34656969069724525,0.43103448275862066,-0.24837902580533192,-0.18800648872048276,1.4816091954022987,-0.09100208288082112,-0.001128518349081021,,,,,,,,,,,0.0013591312532998472,0.0007408045977011493,0.0002963218390804597,0.00017319529270871416,0.07882961269139113,0.0011167853140218319,0.004129141284919131,,,,,,,,0.00014880952380952377,
yahoo_nasdaq_momentum_low_volatility,yahoo-nasdaq-momentum-low-volatility-20260617T045621Z-da84cab038-f660f305,da84cab03886d0cc9e6e1c163f8df62172a6d742b7f581f27927aceb470bb2ac,liquidity_top_80pct,full_sample,yahoo,,,,,20.0,,,,,86.0,0.004802991527818637,0.32620230219786917,0.13654444118260745,0.46511627906976744,-0.14890173064244486,-0.30151602178427517,1.4655038759689925,-0.11023449443539723,-0.0007376343883208566,289.0,0.01713512925466409,0.3126584058894048,0.931678764563038,0.4913494809688581,0.1266295793354882,-0.34028982239259997,1.582641291810842,0.004669146785199585,0.0006164047085898361,0.001322666615614726,0.0007327519379844961,0.00029310077519379844,0.0001480043786269076,0.11374932894286643,0.0010068832282290018,0.004404167080541853,0.0014891636165220133,0.0007913206459054209,0.0003165282583621684,0.00023250518844490032,0.43036828517486186,0.0014022028195615696,0.008514471117690783,0.00014880952380952371,0.00014880952380952377
yahoo_nasdaq_momentum_low_volatility,yahoo-nasdaq-momentum-low-volatility-20260617T045621Z-da84cab038-f660f305,da84cab03886d0cc9e6e1c163f8df62172a6d742b7f581f27927aceb470bb2ac,liquidity_top_80pct,wf_01,yahoo,,,,,20.0,2020-03-30,2022-07-05,2022-07-12,2023-08-29,58.0,-3.951665854845258e-05,0.26888932422905015,-0.0011192333733211057,0.5689655172413793,0.4851267763969017,-0.19320787422222507,1.6870689655172413,0.10608427843274137,0.0023009170287023864,,,,,,,,,,,0.0015912740641705132,0.0008435344827586206,0.00033741379310344837,0.00026151626449892064,0.09229389572188977,0.001542004843280825,0.005691785691160584,,,,,,,,0.00014880952380952377,
yahoo_nasdaq_momentum_low_volatility,yahoo-nasdaq-momentum-low-volatility-20260617T045621Z-da84cab038-f660f305,da84cab03886d0cc9e6e1c163f8df62172a6d742b7f581f27927aceb470bb2ac,liquidity_top_80pct,wf_02,yahoo,,,,,20.0,2020-03-30,2023-08-29,2023-09-06,2024-10-23,58.0,0.005746639623191564,0.29085640662367973,0.15046979366701402,0.43103448275862066,-0.552135308458183,-0.24404864885071054,1.6439655172413792,-0.15687399572826233,-0.0024475477322895146,,,,,,,,,,,0.0015221839269925518,0.0008219827586206896,0.0003287931034482758,0.00022259854111406283,0.08828666776556801,0.001299267228940649,0.004748782777178402,,,,,,,,0.00014880952380952377,
yahoo_nasdaq_momentum_low_volatility,yahoo-nasdaq-momentum-low-volatility-20260617T045621Z-da84cab038-f660f305,da84cab03886d0cc9e6e1c163f8df62172a6d742b7f581f27927aceb470bb2ac,liquidity_top_80pct,wf_03,yahoo,,,,,20.0,2020-03-30,2024-10-23,2024-10-30,2025-12-19,58.0,0.02019892541308178,0.35849126895735367,0.42910510310531164,0.4827586206896552,0.05063939929135599,-0.30151602178427517,1.458045977011494,-0.027468259945302775,0.00027777953097887146,,,,,,,,,,,0.0013087916554139468,0.0007290229885057473,0.00029160919540229885,0.00013934994769637698,0.07590991601400891,0.0009498375197275976,0.0031489488682751358,,,,,,,,0.00014880952380952377,
yahoo_nasdaq_momentum_low_volatility,yahoo-nasdaq-momentum-low-volatility-20260617T045621Z-da84cab038-f660f305,da84cab03886d0cc9e6e1c163f8df62172a6d742b7f581f27927aceb470bb2ac,sector_neutral_liquidity_top_80pct,full_sample,yahoo,,,,,20.0,,,,,86.0,0.0009499738974947426,0.28901853951793605,0.030481420052635304,0.4186046511627907,0.061809196789974014,-0.22626082882004817,1.5118217054263565,-0.021664549221179885,0.00028661352528817707,289.0,0.016393972210467424,0.27627078471998373,1.0087839286387885,0.4982698961937716,0.3474474261614139,-0.3694626736591119,1.522318339100346,0.3485892851880035,0.001511453577792474,0.0013594289142972195,0.0007559108527131781,0.0003023643410852713,0.00015234419668924622,0.11691088662956088,0.001006153854103453,0.003364744433676412,0.0014251191202262552,0.000761159169550173,0.00030446366782006925,0.0002106867590464893,0.41185942574538775,0.0013643681466634732,0.008789123586534902,0.00014880952380952371,0.00014880952380952377
yahoo_nasdaq_momentum_low_volatility,yahoo-nasdaq-momentum-low-volatility-20260617T045621Z-da84cab038-f660f305,da84cab03886d0cc9e6e1c163f8df62172a6d742b7f581f27927aceb470bb2ac,sector_neutral_liquidity_top_80pct,wf_01,yahoo,,,,,20.0,2020-03-30,2022-07-05,2022-07-12,2023-08-29,58.0,0.011359307875493944,0.24150897907965377,0.3582057766509891,0.5517241379310345,0.2244939506745032,-0.14035705117148123,1.5287356321839078,0.02872633237997868,0.000803634732644995,,,,,,,,,,,0.0014616800719106284,0.0007643678160919541,0.0003057471264367816,0.00024275560557236937,0.08477744417081645,0.0016057475185520965,0.005613499611313518,,,,,,,,0.00014880952380952377,
yahoo_nasdaq_momentum_low_volatility,yahoo-nasdaq-momentum-low-volatility-20260617T045621Z-da84cab038-f660f305,da84cab03886d0cc9e6e1c163f8df62172a6d742b7f581f27927aceb470bb2ac,sector_neutral_liquidity_top_80pct,wf_02,yahoo,,,,,20.0,2020-03-30,2023-08-29,2023-09-06,2024-10-23,58.0,-0.009980521546219047,0.248855071600693,-0.30543636135394164,0.4482758620689655,-1.0900804631748247,-0.23100023256343483,1.5548850574712645,-0.20788197960773402,-0.003718488353246674,,,,,,,,,,,0.0014524492341088857,0.0007774425287356323,0.00031097701149425286,0.0002152201700694768,0.08424205557831536,0.0013483785604771665,0.008789123586534902,,,,,,,,0.00014880952380952377,
yahoo_nasdaq_momentum_low_volatility,yahoo-nasdaq-momentum-low-volatility-20260617T045621Z-da84cab038-f660f305,da84cab03886d0cc9e6e1c163f8df62172a6d742b7f581f27927aceb470bb2ac,sector_neutral_liquidity_top_80pct,wf_03,yahoo,,,,,20.0,2020-03-30,2024-10-23,2024-10-30,2025-12-19,58.0,0.00134379125062353,0.3081815026556174,0.033207733683582145,0.39655172413793105,0.16409023769379166,-0.22626082882004828,1.5057471264367814,0.010813507837510894,0.0008331855258315694,,,,,,,,,,,0.0013412641878534992,0.0007528735632183908,0.0003011494252873563,0.0001384316755382282,0.07779332289550296,0.0009197188982012953,0.0027722206278114523,,,,,,,,0.00014880952380952377,
